BioSample	host_disease
SAMD00076256	Pulmonary Tuberculosis
SAMD00076257	Pulmonary Tuberculosis
SAMD00076258	Pulmonary Tuberculosis
SAMD00076259	Pulmonary Tuberculosis
SAMN02316561	Tuberculosis
SAMN02318534	Tuberculosis
SAMN02595073	Tuberculosis
SAMN02688394	Mycobacterium tuberculosis
SAMN02713587	Pulmonary Tuberculosis
SAMN02731427	Tuberculosis meningitis
SAMN02767600	Tuberculosis
SAMN02777350	disseminated BCGitis
SAMN02797826	Mycobacterium tuberculosis
SAMN02819975	Tuberculosis
SAMN02819976	Tuberculosis
SAMN02819977	Tuberculosis
SAMN02819978	Tuberculosis
SAMN02820311	Tuberculosis
SAMN02848645	Tuberculosis
SAMN02864173	Tuberculosis
SAMN02874015	Tuberculosis
SAMN02887314	Tuberculosis
SAMN02899098	Bovine Tuberculosis
SAMN02899231	Bovine Tuberculosis
SAMN02899232	Bovine Tuberculosis
SAMN02902634	Bovine Tuberculosis
SAMN02902635	Bovine Tuberculosis
SAMN02902636	Bovine Tuberculosis
SAMN02902637	Bovine Tuberculosis
SAMN02902638	Bovine Tuberculosis
SAMN02902639	Bovine Tuberculosis
SAMN02902640	Bovine Tuberculosis
SAMN02902641	Bovine Tuberculosis
SAMN02902642	Bovine Tuberculosis
SAMN02902643	Bovine Tuberculosis
SAMN02902644	Bovine Tuberculosis
SAMN02902645	Bovine Tuberculosis
SAMN03002394	Tuberculosis
SAMN03175163	Tuberculosis
SAMN03177465	Tuberculosis
SAMN03177466	Tuberculosis
SAMN03177469	Tuberculosis
SAMN03177470	Tuberculosis
SAMN03177471	Tuberculosis
SAMN03177473	Tuberculosis
SAMN03177474	Tuberculosis
SAMN03177475	Tuberculosis
SAMN03177477	Tuberculosis
SAMN03177478	Tuberculosis
SAMN03177480	Tuberculosis
SAMN03177481	Tuberculosis
SAMN03177483	Tuberculosis
SAMN03177484	Tuberculosis
SAMN03177485	Tuberculosis
SAMN03177486	Tuberculosis
SAMN03177487	Tuberculosis
SAMN03177488	Tuberculosis
SAMN03177489	Tuberculosis
SAMN03177490	Tuberculosis
SAMN03177491	Tuberculosis
SAMN03177492	Tuberculosis
SAMN03177493	Tuberculosis
SAMN03177494	Tuberculosis
SAMN03177495	Tuberculosis
SAMN03177496	Tuberculosis
SAMN03177497	Tuberculosis
SAMN03196604	Tuberculosis
SAMN03265108	Tuberculosis
SAMN03267964	Tuberculosis
SAMN03272559	Tuberculosis
SAMN03288261	Tuberculosis
SAMN03290670	Tuberculosis
SAMN03290698	Tuberculosis
SAMN03290700	Tuberculosis
SAMN03291410	Tuberculosis
SAMN03295492	Tuberculosis
SAMN03301665	Tuberculosis
SAMN03338741	Tuberculosis
SAMN03338742	Tuberculosis
SAMN03338743	Tuberculosis
SAMN03338744	Tuberculosis
SAMN03372109	Tuberculosis
SAMN03460429	caseous pneumonia
SAMN03496755	infiltrative tuberculosis
SAMN03761171	Bovine Tuberculosis
SAMN03776961	Bovine tuberculosis
SAMN03793145	Tuberculosis
SAMN03793146	Tuberculosis Meningitis
SAMN03793151	Tuberculosis Meningitis
SAMN03813774	Tuberculosis
SAMN03813775	Tuberculosis
SAMN03813776	Tuberculosis
SAMN03813777	Tuberculosis
SAMN03813778	Tuberculosis
SAMN03813779	Tuberculosis
SAMN03813780	Tuberculosis
SAMN03813781	Tuberculosis
SAMN03813782	Tuberculosis
SAMN03813783	Tuberculosis
SAMN03813784	Tuberculosis
SAMN03813785	Tuberculosis
SAMN03813786	Tuberculosis
SAMN03813787	Tuberculosis
SAMN03813788	Tuberculosis
SAMN03813789	Tuberculosis
SAMN03813790	Tuberculosis
SAMN03813791	Tuberculosis
SAMN03813792	Tuberculosis
SAMN03813793	Tuberculosis
SAMN03813794	Tuberculosis
SAMN03813795	Tuberculosis
SAMN03813796	Tuberculosis
SAMN03813797	Tuberculosis
SAMN03813798	Tuberculosis
SAMN03813799	Tuberculosis
SAMN03813800	Tuberculosis
SAMN03813801	Tuberculosis
SAMN03813802	Tuberculosis
SAMN03813803	Tuberculosis
SAMN03813804	Tuberculosis
SAMN03813805	Tuberculosis
SAMN03813806	Tuberculosis
SAMN03840761	Tuberculosis
SAMN03861514	Tuberculosis
SAMN03921880	multidrug resistant tuberculosis
SAMN04023334	Tuberculosis
SAMN04100097	Tuberculosis
SAMN04117128	Tuberculosis
SAMN04129542	Tuberculosis
SAMN04241384	Bovine tuberculosis
SAMN04479830	Tuberculosis
SAMN04491053	Tuberculosis
SAMN04492771	Pulmonary Tuberculosis
SAMN04517448	Tuberculosis
SAMN04550924	fibrocavernous tuberculosis
SAMN04595071	multidrug resistant tuberculosis
SAMN04595072	multidrug resistant tuberculosis
SAMN04599205	Pulmonary Tuberculosis
SAMN05001334	Tuberculosis
SAMN05187972	Pulmonary Tuberculosis
SAMN05447655	Multidrug resistant tuberculosis
SAMN05447658	Multidrug resistant tuberculosis
SAMN05791986	pleural disease
SAMN05791987	brain lesion
SAMN05792585	Tuberculosis
SAMN05825228	Tuberculosis
SAMN05830624	Tuberculosis
SAMN05830709	Tuberculosis
SAMN05830710	Tuberculosis
SAMN05830711	Tuberculosis
SAMN05833359	Tuberculosis
SAMN05833360	Tuberculosis
SAMN05833361	Tuberculosis
SAMN05833362	Tuberculosis
SAMN05833363	Tuberculosis
SAMN05833364	Tuberculosis
SAMN05915249	Tuberculosis
SAMN05915250	Tuberculosis
SAMN05915251	Tuberculosis
SAMN05915252	Tuberculosis
SAMN05915253	Tuberculosis
SAMN05915254	Tuberculosis
SAMN05915255	Tuberculosis
SAMN05915256	Tuberculosis
SAMN05915257	Tuberculosis
SAMN05915258	Tuberculosis
SAMN05915259	Tuberculosis
SAMN05915260	Tuberculosis
SAMN05915261	Tuberculosis
SAMN05915262	Tuberculosis
SAMN05915263	Tuberculosis
SAMN05915264	Tuberculosis
SAMN05915265	Tuberculosis
SAMN05915266	Tuberculosis
SAMN05915267	Tuberculosis
SAMN05915268	Tuberculosis
SAMN05915269	Tuberculosis
SAMN05915270	Tuberculosis
SAMN05915271	Tuberculosis
SAMN05915272	Tuberculosis
SAMN05915273	Tuberculosis
SAMN05915274	Tuberculosis
SAMN05915275	Tuberculosis
SAMN05915276	Tuberculosis
SAMN05915277	Tuberculosis
SAMN05915278	Tuberculosis
SAMN05915279	Tuberculosis
SAMN05915280	Tuberculosis
SAMN05915281	Tuberculosis
SAMN05915282	Tuberculosis
SAMN05915283	Tuberculosis
SAMN05915284	Tuberculosis
SAMN05915285	Tuberculosis
SAMN05915286	Tuberculosis
SAMN05915287	Tuberculosis
SAMN05915288	Tuberculosis
SAMN05915289	Tuberculosis
SAMN05915290	Tuberculosis
SAMN05915291	Tuberculosis
SAMN05915292	Tuberculosis
SAMN05915293	Tuberculosis
SAMN05916217	Tuberculosis
SAMN05916218	Tuberculosis
SAMN05916219	Tuberculosis
SAMN05916220	Tuberculosis
SAMN05916221	Tuberculosis
SAMN05916222	Tuberculosis
SAMN05916223	Tuberculosis
SAMN05916224	Tuberculosis
SAMN05916225	Tuberculosis
SAMN05916226	Tuberculosis
SAMN05916227	Tuberculosis
SAMN05916228	Tuberculosis
SAMN05916229	Tuberculosis
SAMN05916230	Tuberculosis
SAMN05916231	Tuberculosis
SAMN05916232	Tuberculosis
SAMN05916233	Tuberculosis
SAMN05916234	Tuberculosis
SAMN05916235	Tuberculosis
SAMN05916236	Tuberculosis
SAMN05916237	Tuberculosis
SAMN05916238	Tuberculosis
SAMN05916239	Tuberculosis
SAMN05916240	Tuberculosis
SAMN05916241	Tuberculosis
SAMN05916242	Tuberculosis
SAMN05916243	Tuberculosis
SAMN05916244	Tuberculosis
SAMN05916245	Tuberculosis
SAMN05916246	Tuberculosis
SAMN05916247	Tuberculosis
SAMN05916248	Tuberculosis
SAMN05916249	Tuberculosis
SAMN05916250	Tuberculosis
SAMN05916251	Tuberculosis
SAMN05916252	Tuberculosis
SAMN05916253	Tuberculosis
SAMN05916254	Tuberculosis
SAMN05916255	Tuberculosis
SAMN05916256	Tuberculosis
SAMN05916257	Tuberculosis
SAMN05916258	Tuberculosis
SAMN05916259	Tuberculosis
SAMN05916260	Tuberculosis
SAMN05916261	Tuberculosis
SAMN05916262	Tuberculosis
SAMN05916263	Tuberculosis
SAMN05916264	Tuberculosis
SAMN05916265	Tuberculosis
SAMN05916266	Tuberculosis
SAMN05916267	Tuberculosis
SAMN05916268	Tuberculosis
SAMN05916269	Tuberculosis
SAMN05916270	Tuberculosis
SAMN05916271	Tuberculosis
SAMN05916272	Tuberculosis
SAMN05916273	Tuberculosis
SAMN05916274	Tuberculosis
SAMN05916275	Tuberculosis
SAMN05916276	Tuberculosis
SAMN05916277	Tuberculosis
SAMN05916278	Tuberculosis
SAMN05916279	Tuberculosis
SAMN05916280	Tuberculosis
SAMN05916281	Tuberculosis
SAMN05916282	Tuberculosis
SAMN05916283	Tuberculosis
SAMN05916284	Tuberculosis
SAMN05916285	Tuberculosis
SAMN05916286	Tuberculosis
SAMN05916287	Tuberculosis
SAMN05916288	Tuberculosis
SAMN05916289	Tuberculosis
SAMN05916290	Tuberculosis
SAMN05916291	Tuberculosis
SAMN05916292	Tuberculosis
SAMN05916293	Tuberculosis
SAMN05916294	Tuberculosis
SAMN05916295	Tuberculosis
SAMN05916296	Tuberculosis
SAMN05916297	Tuberculosis
SAMN05916298	Tuberculosis
SAMN05916299	Tuberculosis
SAMN05916300	Tuberculosis
SAMN05916301	Tuberculosis
SAMN05916302	Tuberculosis
SAMN05916303	Tuberculosis
SAMN05916304	Tuberculosis
SAMN05916305	Tuberculosis
SAMN05916306	Tuberculosis
SAMN05916307	Tuberculosis
SAMN05916308	Tuberculosis
SAMN05916309	Tuberculosis
SAMN05916310	Tuberculosis
SAMN05916311	Tuberculosis
SAMN05916312	Tuberculosis
SAMN05916313	Tuberculosis
SAMN05916314	Tuberculosis
SAMN05916315	Tuberculosis
SAMN05916316	Tuberculosis
SAMN05916317	Tuberculosis
SAMN05916318	Tuberculosis
SAMN05916319	Tuberculosis
SAMN05916320	Tuberculosis
SAMN05916321	Tuberculosis
SAMN05916322	Tuberculosis
SAMN05916323	Tuberculosis
SAMN05916324	Tuberculosis
SAMN05916325	Tuberculosis
SAMN05916326	Tuberculosis
SAMN05916327	Tuberculosis
SAMN05916328	Tuberculosis
SAMN05916329	Tuberculosis
SAMN05916330	Tuberculosis
SAMN05916331	Tuberculosis
SAMN05916332	Tuberculosis
SAMN05916333	Tuberculosis
SAMN05916334	Tuberculosis
SAMN05916335	Tuberculosis
SAMN05916336	Tuberculosis
SAMN05916337	Tuberculosis
SAMN05916338	Tuberculosis
SAMN05916339	Tuberculosis
SAMN05916340	Tuberculosis
SAMN05916341	Tuberculosis
SAMN05916342	Tuberculosis
SAMN05916343	Tuberculosis
SAMN05916344	Tuberculosis
SAMN05916345	Tuberculosis
SAMN05916346	Tuberculosis
SAMN05916347	Tuberculosis
SAMN05916348	Tuberculosis
SAMN05916349	Tuberculosis
SAMN05916350	Tuberculosis
SAMN05916351	Tuberculosis
SAMN05916352	Tuberculosis
SAMN05916353	Tuberculosis
SAMN05916354	Tuberculosis
SAMN05916355	Tuberculosis
SAMN05916356	Tuberculosis
SAMN05916357	Tuberculosis
SAMN05916358	Tuberculosis
SAMN05916382	Tuberculosis
SAMN05916383	Tuberculosis
SAMN05916384	Tuberculosis
SAMN05916385	Tuberculosis
SAMN05916386	Tuberculosis
SAMN05916387	Tuberculosis
SAMN05916388	Tuberculosis
SAMN05916389	Tuberculosis
SAMN05916390	Tuberculosis
SAMN05916391	Tuberculosis
SAMN05916392	Tuberculosis
SAMN05916393	Tuberculosis
SAMN05916394	Tuberculosis
SAMN05916395	Tuberculosis
SAMN05916396	Tuberculosis
SAMN05916397	Tuberculosis
SAMN05916398	Tuberculosis
SAMN05916399	Tuberculosis
SAMN05916400	Tuberculosis
SAMN05916401	Tuberculosis
SAMN05916402	Tuberculosis
SAMN05916403	Tuberculosis
SAMN05916404	Tuberculosis
SAMN05916405	Tuberculosis
SAMN05916406	Tuberculosis
SAMN05916407	Tuberculosis
SAMN05916408	Tuberculosis
SAMN05916409	Tuberculosis
SAMN05916410	Tuberculosis
SAMN05916411	Tuberculosis
SAMN05916412	Tuberculosis
SAMN05916413	Tuberculosis
SAMN05916414	Tuberculosis
SAMN05916415	Tuberculosis
SAMN05916416	Tuberculosis
SAMN05916417	Tuberculosis
SAMN05916418	Tuberculosis
SAMN05916419	Tuberculosis
SAMN05916420	Tuberculosis
SAMN05916421	Tuberculosis
SAMN05916422	Tuberculosis
SAMN05916423	Tuberculosis
SAMN05916424	Tuberculosis
SAMN05916425	Tuberculosis
SAMN05916426	Tuberculosis
SAMN05916427	Tuberculosis
SAMN05916428	Tuberculosis
SAMN05916429	Tuberculosis
SAMN05916430	Tuberculosis
SAMN05916431	Tuberculosis
SAMN05916432	Tuberculosis
SAMN05916433	Tuberculosis
SAMN05916434	Tuberculosis
SAMN05916435	Tuberculosis
SAMN05916436	Tuberculosis
SAMN05916437	Tuberculosis
SAMN05916438	Tuberculosis
SAMN05916439	Tuberculosis
SAMN05916440	Tuberculosis
SAMN05916441	Tuberculosis
SAMN05916442	Tuberculosis
SAMN05916443	Tuberculosis
SAMN05916444	Tuberculosis
SAMN05916445	Tuberculosis
SAMN05916446	Tuberculosis
SAMN05916447	Tuberculosis
SAMN05916448	Tuberculosis
SAMN05916449	Tuberculosis
SAMN05916450	Tuberculosis
SAMN05916451	Tuberculosis
SAMN05916452	Tuberculosis
SAMN05916453	Tuberculosis
SAMN05916454	Tuberculosis
SAMN05916455	Tuberculosis
SAMN05916456	Tuberculosis
SAMN05916457	Tuberculosis
SAMN05916458	Tuberculosis
SAMN05916459	Tuberculosis
SAMN05916460	Tuberculosis
SAMN05918520	Tuberculosis
SAMN05918521	Tuberculosis
SAMN05918522	Tuberculosis
SAMN05918523	Tuberculosis
SAMN05918524	Tuberculosis
SAMN05918525	Tuberculosis
SAMN05918526	Tuberculosis
SAMN05918527	Tuberculosis
SAMN05918528	Tuberculosis
SAMN05918529	Tuberculosis
SAMN05918530	Tuberculosis
SAMN05918531	Tuberculosis
SAMN05918532	Tuberculosis
SAMN05918533	Tuberculosis
SAMN05918534	Tuberculosis
SAMN05918535	Tuberculosis
SAMN05918536	Tuberculosis
SAMN05918537	Tuberculosis
SAMN05918538	Tuberculosis
SAMN05918539	Tuberculosis
SAMN05918540	Tuberculosis
SAMN05918541	Tuberculosis
SAMN05918542	Tuberculosis
SAMN05918543	Tuberculosis
SAMN05918544	Tuberculosis
SAMN05918545	Tuberculosis
SAMN05918546	Tuberculosis
SAMN05918547	Tuberculosis
SAMN05918548	Tuberculosis
SAMN05918549	Tuberculosis
SAMN05918550	Tuberculosis
SAMN05918551	Tuberculosis
SAMN05918552	Tuberculosis
SAMN05918553	Tuberculosis
SAMN05918554	Tuberculosis
SAMN05918555	Tuberculosis
SAMN05918556	Tuberculosis
SAMN05918557	Tuberculosis
SAMN05918558	Tuberculosis
SAMN05918559	Tuberculosis
SAMN05918560	Tuberculosis
SAMN05918561	Tuberculosis
SAMN05918562	Tuberculosis
SAMN05918563	Tuberculosis
SAMN05918564	Tuberculosis
SAMN05918568	Tuberculosis
SAMN05918569	Tuberculosis
SAMN05918570	Tuberculosis
SAMN05918571	Tuberculosis
SAMN05918572	Tuberculosis
SAMN05918573	Tuberculosis
SAMN05918574	Tuberculosis
SAMN05918575	Tuberculosis
SAMN05918576	Tuberculosis
SAMN05918577	Tuberculosis
SAMN05918578	Tuberculosis
SAMN05918579	Tuberculosis
SAMN05918580	Tuberculosis
SAMN05918581	Tuberculosis
SAMN05918582	Tuberculosis
SAMN05918583	Tuberculosis
SAMN05918584	Tuberculosis
SAMN05918585	Tuberculosis
SAMN05918586	Tuberculosis
SAMN05918587	Tuberculosis
SAMN05918588	Tuberculosis
SAMN05918589	Tuberculosis
SAMN05918590	Tuberculosis
SAMN05918591	Tuberculosis
SAMN05918592	Tuberculosis
SAMN05918593	Tuberculosis
SAMN05918594	Tuberculosis
SAMN05918595	Tuberculosis
SAMN05918596	Tuberculosis
SAMN05918597	Tuberculosis
SAMN05918598	Tuberculosis
SAMN05918599	Tuberculosis
SAMN05918600	Tuberculosis
SAMN05918601	Tuberculosis
SAMN05918602	Tuberculosis
SAMN05918603	Tuberculosis
SAMN05918604	Tuberculosis
SAMN05918605	Tuberculosis
SAMN05918606	Tuberculosis
SAMN05918607	Tuberculosis
SAMN05918608	Tuberculosis
SAMN05918609	Tuberculosis
SAMN05918610	Tuberculosis
SAMN05918611	Tuberculosis
SAMN05918612	Tuberculosis
SAMN05918615	Tuberculosis
SAMN05918616	Tuberculosis
SAMN05918617	Tuberculosis
SAMN05918618	Tuberculosis
SAMN05918619	Tuberculosis
SAMN05918620	Tuberculosis
SAMN05918621	Tuberculosis
SAMN05918622	Tuberculosis
SAMN05918623	Tuberculosis
SAMN05918624	Tuberculosis
SAMN05918625	Tuberculosis
SAMN05918626	Tuberculosis
SAMN05918627	Tuberculosis
SAMN05918628	Tuberculosis
SAMN05918629	Tuberculosis
SAMN05918630	Tuberculosis
SAMN05918631	Tuberculosis
SAMN05918632	Tuberculosis
SAMN05918633	Tuberculosis
SAMN05918634	Tuberculosis
SAMN05918635	Tuberculosis
SAMN05918636	Tuberculosis
SAMN05918637	Tuberculosis
SAMN05918638	Tuberculosis
SAMN05918639	Tuberculosis
SAMN05918640	Tuberculosis
SAMN05918641	Tuberculosis
SAMN05918642	Tuberculosis
SAMN05918643	Tuberculosis
SAMN05918644	Tuberculosis
SAMN05918645	Tuberculosis
SAMN05918646	Tuberculosis
SAMN05918647	Tuberculosis
SAMN05918648	Tuberculosis
SAMN05918649	Tuberculosis
SAMN05918650	Tuberculosis
SAMN05918651	Tuberculosis
SAMN05918652	Tuberculosis
SAMN05918653	Tuberculosis
SAMN05918654	Tuberculosis
SAMN05918655	Tuberculosis
SAMN05918656	Tuberculosis
SAMN05918657	Tuberculosis
SAMN05918658	Tuberculosis
SAMN05918659	Tuberculosis
SAMN05918660	Tuberculosis
SAMN05918661	Tuberculosis
SAMN05918662	Tuberculosis
SAMN05918663	Tuberculosis
SAMN05918664	Tuberculosis
SAMN05918665	Tuberculosis
SAMN05918666	Tuberculosis
SAMN05918667	Tuberculosis
SAMN05918668	Tuberculosis
SAMN05918669	Tuberculosis
SAMN05918670	Tuberculosis
SAMN05918671	Tuberculosis
SAMN05918672	Tuberculosis
SAMN05918673	Tuberculosis
SAMN05918674	Tuberculosis
SAMN05918675	Tuberculosis
SAMN05918676	Tuberculosis
SAMN05918677	Tuberculosis
SAMN05918678	Tuberculosis
SAMN05918679	Tuberculosis
SAMN05918680	Tuberculosis
SAMN05918681	Tuberculosis
SAMN05918682	Tuberculosis
SAMN05918683	Tuberculosis
SAMN05918684	Tuberculosis
SAMN05918685	Tuberculosis
SAMN05918686	Tuberculosis
SAMN05918687	Tuberculosis
SAMN05918688	Tuberculosis
SAMN05918689	Tuberculosis
SAMN05918690	Tuberculosis
SAMN05918691	Tuberculosis
SAMN05918692	Tuberculosis
SAMN05918693	Tuberculosis
SAMN05918694	Tuberculosis
SAMN05918695	Tuberculosis
SAMN05918696	Tuberculosis
SAMN05918697	Tuberculosis
SAMN05918698	Tuberculosis
SAMN05918699	Tuberculosis
SAMN05918700	Tuberculosis
SAMN05918701	Tuberculosis
SAMN05918702	Tuberculosis
SAMN05918703	Tuberculosis
SAMN05918704	Tuberculosis
SAMN05918705	Tuberculosis
SAMN05918706	Tuberculosis
SAMN05918707	Tuberculosis
SAMN05918708	Tuberculosis
SAMN05918709	Tuberculosis
SAMN05918710	Tuberculosis
SAMN05918711	Tuberculosis
SAMN05918712	Tuberculosis
SAMN05918713	Tuberculosis
SAMN05918714	Tuberculosis
SAMN05918715	Tuberculosis
SAMN05918716	Tuberculosis
SAMN05918717	Tuberculosis
SAMN05918718	Tuberculosis
SAMN05918719	Tuberculosis
SAMN05918720	Tuberculosis
SAMN05918721	Tuberculosis
SAMN05918722	Tuberculosis
SAMN05918723	Tuberculosis
SAMN05918724	Tuberculosis
SAMN05918725	Tuberculosis
SAMN05918726	Tuberculosis
SAMN05918728	Tuberculosis
SAMN05918729	Tuberculosis
SAMN05918730	Tuberculosis
SAMN05918731	Tuberculosis
SAMN05918732	Tuberculosis
SAMN05918733	Tuberculosis
SAMN05918734	Tuberculosis
SAMN05918735	Tuberculosis
SAMN05918736	Tuberculosis
SAMN05918737	Tuberculosis
SAMN05918738	Tuberculosis
SAMN05918739	Tuberculosis
SAMN05918740	Tuberculosis
SAMN05918741	Tuberculosis
SAMN05918742	Tuberculosis
SAMN05918743	Tuberculosis
SAMN05918744	Tuberculosis
SAMN05918745	Tuberculosis
SAMN05918746	Tuberculosis
SAMN05918747	Tuberculosis
SAMN05918748	Tuberculosis
SAMN05918749	Tuberculosis
SAMN05918750	Tuberculosis
SAMN05918751	Tuberculosis
SAMN05918752	Tuberculosis
SAMN05918753	Tuberculosis
SAMN05918754	Tuberculosis
SAMN05918755	Tuberculosis
SAMN05918756	Tuberculosis
SAMN05918757	Tuberculosis
SAMN05918758	Tuberculosis
SAMN05918759	Tuberculosis
SAMN05918760	Tuberculosis
SAMN05918761	Tuberculosis
SAMN05918762	Tuberculosis
SAMN05918763	Tuberculosis
SAMN05918764	Tuberculosis
SAMN05918765	Tuberculosis
SAMN05918766	Tuberculosis
SAMN05918767	Tuberculosis
SAMN05918768	Tuberculosis
SAMN05918769	Tuberculosis
SAMN05918770	Tuberculosis
SAMN05918771	Tuberculosis
SAMN05918772	Tuberculosis
SAMN05918773	Tuberculosis
SAMN05918774	Tuberculosis
SAMN05918775	Tuberculosis
SAMN05918776	Tuberculosis
SAMN05918777	Tuberculosis
SAMN05918778	Tuberculosis
SAMN05918779	Tuberculosis
SAMN05918780	Tuberculosis
SAMN05918917	Tuberculosis
SAMN05918918	Tuberculosis
SAMN05918919	Tuberculosis
SAMN05918920	Tuberculosis
SAMN05918921	Tuberculosis
SAMN05918922	Tuberculosis
SAMN05918923	Tuberculosis
SAMN05918924	Tuberculosis
SAMN05918925	Tuberculosis
SAMN05918926	Tuberculosis
SAMN05918927	Tuberculosis
SAMN05918928	Tuberculosis
SAMN05918929	Tuberculosis
SAMN05918930	Tuberculosis
SAMN05918931	Tuberculosis
SAMN05918932	Tuberculosis
SAMN05918933	Tuberculosis
SAMN05918934	Tuberculosis
SAMN05918935	Tuberculosis
SAMN05918936	Tuberculosis
SAMN05918937	Tuberculosis
SAMN05918938	Tuberculosis
SAMN05918939	Tuberculosis
SAMN05918940	Tuberculosis
SAMN05918941	Tuberculosis
SAMN05918942	Tuberculosis
SAMN05918943	Tuberculosis
SAMN05918944	Tuberculosis
SAMN05918945	Tuberculosis
SAMN05918946	Tuberculosis
SAMN05918947	Tuberculosis
SAMN05918948	Tuberculosis
SAMN05918949	Tuberculosis
SAMN05918950	Tuberculosis
SAMN05918951	Tuberculosis
SAMN05918952	Tuberculosis
SAMN05918953	Tuberculosis
SAMN05918954	Tuberculosis
SAMN05918955	Tuberculosis
SAMN05918956	Tuberculosis
SAMN05918957	Tuberculosis
SAMN05918958	Tuberculosis
SAMN05918959	Tuberculosis
SAMN05918960	Tuberculosis
SAMN05919545	Tuberculosis
SAMN05919546	Tuberculosis
SAMN05919547	Tuberculosis
SAMN05919548	Tuberculosis
SAMN05919549	Tuberculosis
SAMN05919550	Tuberculosis
SAMN05919551	Tuberculosis
SAMN05919552	Tuberculosis
SAMN05919553	Tuberculosis
SAMN05919554	Tuberculosis
SAMN05919555	Tuberculosis
SAMN05919556	Tuberculosis
SAMN05919557	Tuberculosis
SAMN05919558	Tuberculosis
SAMN05919559	Tuberculosis
SAMN05919560	Tuberculosis
SAMN05919561	Tuberculosis
SAMN05919562	Tuberculosis
SAMN05919563	Tuberculosis
SAMN05919564	Tuberculosis
SAMN05919565	Tuberculosis
SAMN05919566	Tuberculosis
SAMN05919567	Tuberculosis
SAMN05919568	Tuberculosis
SAMN05919569	Tuberculosis
SAMN05919570	Tuberculosis
SAMN05919571	Tuberculosis
SAMN05919572	Tuberculosis
SAMN05919573	Tuberculosis
SAMN05919574	Tuberculosis
SAMN05919575	Tuberculosis
SAMN05919576	Tuberculosis
SAMN05919577	Tuberculosis
SAMN05919578	Tuberculosis
SAMN05919579	Tuberculosis
SAMN05919580	Tuberculosis
SAMN05919581	Tuberculosis
SAMN05919582	Tuberculosis
SAMN05919583	Tuberculosis
SAMN05919584	Tuberculosis
SAMN05919585	Tuberculosis
SAMN05919586	Tuberculosis
SAMN05919587	Tuberculosis
SAMN05919588	Tuberculosis
SAMN05919589	Tuberculosis
SAMN05919590	Tuberculosis
SAMN05919591	Tuberculosis
SAMN05919592	Tuberculosis
SAMN05919593	Tuberculosis
SAMN05919594	Tuberculosis
SAMN05919595	Tuberculosis
SAMN05919596	Tuberculosis
SAMN05919597	Tuberculosis
SAMN05919598	Tuberculosis
SAMN05919599	Tuberculosis
SAMN05919600	Tuberculosis
SAMN05919601	Tuberculosis
SAMN05919602	Tuberculosis
SAMN05919603	Tuberculosis
SAMN05919604	Tuberculosis
SAMN05919605	Tuberculosis
SAMN05919606	Tuberculosis
SAMN05919607	Tuberculosis
SAMN05919608	Tuberculosis
SAMN05919609	Tuberculosis
SAMN05919610	Tuberculosis
SAMN05919611	Tuberculosis
SAMN05919613	Tuberculosis
SAMN05919614	Tuberculosis
SAMN05919615	Tuberculosis
SAMN05919616	Tuberculosis
SAMN05919617	Tuberculosis
SAMN05919618	Tuberculosis
SAMN05919619	Tuberculosis
SAMN05919620	Tuberculosis
SAMN05919621	Tuberculosis
SAMN05919622	Tuberculosis
SAMN05919623	Tuberculosis
SAMN05919624	Tuberculosis
SAMN05919625	Tuberculosis
SAMN05919626	Tuberculosis
SAMN05919627	Tuberculosis
SAMN05919628	Tuberculosis
SAMN05919629	Tuberculosis
SAMN05919630	Tuberculosis
SAMN05919631	Tuberculosis
SAMN05919632	Tuberculosis
SAMN05919633	Tuberculosis
SAMN05919634	Tuberculosis
SAMN05919635	Tuberculosis
SAMN05919636	Tuberculosis
SAMN05919637	Tuberculosis
SAMN05919638	Tuberculosis
SAMN05919639	Tuberculosis
SAMN05919640	Tuberculosis
SAMN05919641	Tuberculosis
SAMN05919642	Tuberculosis
SAMN05919643	Tuberculosis
SAMN05919644	Tuberculosis
SAMN05919645	Tuberculosis
SAMN05919646	Tuberculosis
SAMN05919647	Tuberculosis
SAMN05919648	Tuberculosis
SAMN05919649	Tuberculosis
SAMN05919650	Tuberculosis
SAMN05919651	Tuberculosis
SAMN05919652	Tuberculosis
SAMN05919653	Tuberculosis
SAMN05919654	Tuberculosis
SAMN05919655	Tuberculosis
SAMN05919656	Tuberculosis
SAMN05919657	Tuberculosis
SAMN05919658	Tuberculosis
SAMN05919659	Tuberculosis
SAMN05919660	Tuberculosis
SAMN05919661	Tuberculosis
SAMN05919662	Tuberculosis
SAMN05919663	Tuberculosis
SAMN05919664	Tuberculosis
SAMN05919665	Tuberculosis
SAMN05919666	Tuberculosis
SAMN05919667	Tuberculosis
SAMN05919668	Tuberculosis
SAMN05919669	Tuberculosis
SAMN05919670	Tuberculosis
SAMN05919671	Tuberculosis
SAMN05933692	Tuberculosis
SAMN05933699	Tuberculosis
SAMN06010119	Tuberculosis
SAMN06010120	Tuberculosis
SAMN06010121	Tuberculosis
SAMN06010122	Tuberculosis
SAMN06010123	Tuberculosis
SAMN06010124	Tuberculosis
SAMN06010125	Tuberculosis
SAMN06010126	Tuberculosis
SAMN06010127	Tuberculosis
SAMN06010128	Tuberculosis
SAMN06010129	Tuberculosis
SAMN06010130	Tuberculosis
SAMN06010131	Tuberculosis
SAMN06010132	Tuberculosis
SAMN06010133	Tuberculosis
SAMN06010134	Tuberculosis
SAMN06010135	Tuberculosis
SAMN06010136	Tuberculosis
SAMN06010137	Tuberculosis
SAMN06010138	Tuberculosis
SAMN06010139	Tuberculosis
SAMN06010140	Tuberculosis
SAMN06010141	Tuberculosis
SAMN06010142	Tuberculosis
SAMN06010143	Tuberculosis
SAMN06010144	Tuberculosis
SAMN06010145	Tuberculosis
SAMN06010146	Tuberculosis
SAMN06010147	Tuberculosis
SAMN06010148	Tuberculosis
SAMN06010149	Tuberculosis
SAMN06010150	Tuberculosis
SAMN06010151	Tuberculosis
SAMN06010152	Tuberculosis
SAMN06010153	Tuberculosis
SAMN06010154	Tuberculosis
SAMN06010155	Tuberculosis
SAMN06010156	Tuberculosis
SAMN06010157	Tuberculosis
SAMN06010158	Tuberculosis
SAMN06010159	Tuberculosis
SAMN06010160	Tuberculosis
SAMN06010161	Tuberculosis
SAMN06010162	Tuberculosis
SAMN06010163	Tuberculosis
SAMN06010164	Tuberculosis
SAMN06010165	Tuberculosis
SAMN06010166	Tuberculosis
SAMN06010167	Tuberculosis
SAMN06010168	Tuberculosis
SAMN06010169	Tuberculosis
SAMN06010170	Tuberculosis
SAMN06010171	Tuberculosis
SAMN06010172	Tuberculosis
SAMN06010173	Tuberculosis
SAMN06010174	Tuberculosis
SAMN06010175	Tuberculosis
SAMN06010176	Tuberculosis
SAMN06010177	Tuberculosis
SAMN06010178	Tuberculosis
SAMN06010179	Tuberculosis
SAMN06010180	Tuberculosis
SAMN06010181	Tuberculosis
SAMN06010182	Tuberculosis
SAMN06010183	Tuberculosis
SAMN06010184	Tuberculosis
SAMN06010185	Tuberculosis
SAMN06010186	Tuberculosis
SAMN06010187	Tuberculosis
SAMN06010188	Tuberculosis
SAMN06010189	Tuberculosis
SAMN06010190	Tuberculosis
SAMN06010191	Tuberculosis
SAMN06010192	Tuberculosis
SAMN06010193	Tuberculosis
SAMN06010194	Tuberculosis
SAMN06010195	Tuberculosis
SAMN06010196	Tuberculosis
SAMN06010197	Tuberculosis
SAMN06010198	Tuberculosis
SAMN06010199	Tuberculosis
SAMN06010200	Tuberculosis
SAMN06010201	Tuberculosis
SAMN06010202	Tuberculosis
SAMN06010203	Tuberculosis
SAMN06010204	Tuberculosis
SAMN06010205	Tuberculosis
SAMN06010206	Tuberculosis
SAMN06010207	Tuberculosis
SAMN06010208	Tuberculosis
SAMN06010209	Tuberculosis
SAMN06010210	Tuberculosis
SAMN06010211	Tuberculosis
SAMN06010212	Tuberculosis
SAMN06010213	Tuberculosis
SAMN06010214	Tuberculosis
SAMN06010215	Tuberculosis
SAMN06010216	Tuberculosis
SAMN06010217	Tuberculosis
SAMN06010218	Tuberculosis
SAMN06010219	Tuberculosis
SAMN06010220	Tuberculosis
SAMN06010221	Tuberculosis
SAMN06010222	Tuberculosis
SAMN06010223	Tuberculosis
SAMN06010224	Tuberculosis
SAMN06010225	Tuberculosis
SAMN06010226	Tuberculosis
SAMN06010227	Tuberculosis
SAMN06010228	Tuberculosis
SAMN06010229	Tuberculosis
SAMN06010230	Tuberculosis
SAMN06010231	Tuberculosis
SAMN06010232	Tuberculosis
SAMN06010233	Tuberculosis
SAMN06010234	Tuberculosis
SAMN06010235	Tuberculosis
SAMN06010236	Tuberculosis
SAMN06010237	Tuberculosis
SAMN06010238	Tuberculosis
SAMN06010239	Tuberculosis
SAMN06010240	Tuberculosis
SAMN06010241	Tuberculosis
SAMN06010242	Tuberculosis
SAMN06010243	Tuberculosis
SAMN06010244	Tuberculosis
SAMN06010245	Tuberculosis
SAMN06010246	Tuberculosis
SAMN06010247	Tuberculosis
SAMN06010248	Tuberculosis
SAMN06010249	Tuberculosis
SAMN06010250	Tuberculosis
SAMN06010251	Tuberculosis
SAMN06010252	Tuberculosis
SAMN06010253	Tuberculosis
SAMN06010254	Tuberculosis
SAMN06010255	Tuberculosis
SAMN06010256	Tuberculosis
SAMN06010257	Tuberculosis
SAMN06010319	Tuberculosis
SAMN06010320	Tuberculosis
SAMN06010321	Tuberculosis
SAMN06010322	Tuberculosis
SAMN06010323	Tuberculosis
SAMN06010324	Tuberculosis
SAMN06010325	Tuberculosis
SAMN06010326	Tuberculosis
SAMN06010327	Tuberculosis
SAMN06010328	Tuberculosis
SAMN06010329	Tuberculosis
SAMN06010330	Tuberculosis
SAMN06010331	Tuberculosis
SAMN06010332	Tuberculosis
SAMN06010333	Tuberculosis
SAMN06010334	Tuberculosis
SAMN06010335	Tuberculosis
SAMN06010336	Tuberculosis
SAMN06010337	Tuberculosis
SAMN06010338	Tuberculosis
SAMN06010339	Tuberculosis
SAMN06010340	Tuberculosis
SAMN06010341	Tuberculosis
SAMN06010342	Tuberculosis
SAMN06010343	Tuberculosis
SAMN06010344	Tuberculosis
SAMN06010345	Tuberculosis
SAMN06010346	Tuberculosis
SAMN06010347	Tuberculosis
SAMN06010348	Tuberculosis
SAMN06010349	Tuberculosis
SAMN06010350	Tuberculosis
SAMN06010351	Tuberculosis
SAMN06010352	Tuberculosis
SAMN06010353	Tuberculosis
SAMN06010354	Tuberculosis
SAMN06010355	Tuberculosis
SAMN06010356	Tuberculosis
SAMN06010357	Tuberculosis
SAMN06010358	Tuberculosis
SAMN06010359	Tuberculosis
SAMN06010360	Tuberculosis
SAMN06010361	Tuberculosis
SAMN06010362	Tuberculosis
SAMN06010363	Tuberculosis
SAMN06010364	Tuberculosis
SAMN06010365	Tuberculosis
SAMN06010366	Tuberculosis
SAMN06010367	Tuberculosis
SAMN06010368	Tuberculosis
SAMN06010369	Tuberculosis
SAMN06010370	Tuberculosis
SAMN06010371	Tuberculosis
SAMN06010372	Tuberculosis
SAMN06010373	Tuberculosis
SAMN06010374	Tuberculosis
SAMN06010375	Tuberculosis
SAMN06010376	Tuberculosis
SAMN06010377	Tuberculosis
SAMN06010378	Tuberculosis
SAMN06010379	Tuberculosis
SAMN06010380	Tuberculosis
SAMN06010381	Tuberculosis
SAMN06010382	Tuberculosis
SAMN06010383	Tuberculosis
SAMN06010384	Tuberculosis
SAMN06010385	Tuberculosis
SAMN06010386	Tuberculosis
SAMN06010387	Tuberculosis
SAMN06010388	Tuberculosis
SAMN06010389	Tuberculosis
SAMN06010390	Tuberculosis
SAMN06010391	Tuberculosis
SAMN06010392	Tuberculosis
SAMN06010393	Tuberculosis
SAMN06010394	Tuberculosis
SAMN06010395	Tuberculosis
SAMN06010396	Tuberculosis
SAMN06010397	Tuberculosis
SAMN06010398	Tuberculosis
SAMN06010399	Tuberculosis
SAMN06010400	Tuberculosis
SAMN06010401	Tuberculosis
SAMN06010402	Tuberculosis
SAMN06010403	Tuberculosis
SAMN06010404	Tuberculosis
SAMN06010405	Tuberculosis
SAMN06010406	Tuberculosis
SAMN06010407	Tuberculosis
SAMN06010408	Tuberculosis
SAMN06010409	Tuberculosis
SAMN06010410	Tuberculosis
SAMN06010411	Tuberculosis
SAMN06010412	Tuberculosis
SAMN06010413	Tuberculosis
SAMN06010414	Tuberculosis
SAMN06010415	Tuberculosis
SAMN06010416	Tuberculosis
SAMN06010417	Tuberculosis
SAMN06010418	Tuberculosis
SAMN06010419	Tuberculosis
SAMN06010420	Tuberculosis
SAMN06010421	Tuberculosis
SAMN06010422	Tuberculosis
SAMN06010423	Tuberculosis
SAMN06010424	Tuberculosis
SAMN06010425	Tuberculosis
SAMN06010426	Tuberculosis
SAMN06010427	Tuberculosis
SAMN06010428	Tuberculosis
SAMN06010429	Tuberculosis
SAMN06010430	Tuberculosis
SAMN06010431	Tuberculosis
SAMN06010432	Tuberculosis
SAMN06010433	Tuberculosis
SAMN06010434	Tuberculosis
SAMN06010435	Tuberculosis
SAMN06010436	Tuberculosis
SAMN06010437	Tuberculosis
SAMN06010438	Tuberculosis
SAMN06010439	Tuberculosis
SAMN06010440	Tuberculosis
SAMN06010441	Tuberculosis
SAMN06010442	Tuberculosis
SAMN06010443	Tuberculosis
SAMN06010444	Tuberculosis
SAMN06010445	Tuberculosis
SAMN06010446	Tuberculosis
SAMN06010447	Tuberculosis
SAMN06010448	Tuberculosis
SAMN06010449	Tuberculosis
SAMN06010450	Tuberculosis
SAMN06010451	Tuberculosis
SAMN06010452	Tuberculosis
SAMN06010453	Tuberculosis
SAMN06010454	Tuberculosis
SAMN06010455	Tuberculosis
SAMN06010456	Tuberculosis
SAMN06010457	Tuberculosis
SAMN06010458	Tuberculosis
SAMN06010459	Tuberculosis
SAMN06010460	Tuberculosis
SAMN06010461	Tuberculosis
SAMN06010462	Tuberculosis
SAMN06010463	Tuberculosis
SAMN06010464	Tuberculosis
SAMN06010465	Tuberculosis
SAMN06010466	Tuberculosis
SAMN06010467	Tuberculosis
SAMN06010468	Tuberculosis
SAMN06010469	Tuberculosis
SAMN06010470	Tuberculosis
SAMN06010471	Tuberculosis
SAMN06010472	Tuberculosis
SAMN06010473	Tuberculosis
SAMN06010474	Tuberculosis
SAMN06010475	Tuberculosis
SAMN06010476	Tuberculosis
SAMN06010477	Tuberculosis
SAMN06010478	Tuberculosis
SAMN06010479	Tuberculosis
SAMN06010480	Tuberculosis
SAMN06010481	Tuberculosis
SAMN06010482	Tuberculosis
SAMN06010483	Tuberculosis
SAMN06010484	Tuberculosis
SAMN06010485	Tuberculosis
SAMN06010486	Tuberculosis
SAMN06010487	Tuberculosis
SAMN06010488	Tuberculosis
SAMN06010489	Tuberculosis
SAMN06010490	Tuberculosis
SAMN06010491	Tuberculosis
SAMN06010492	Tuberculosis
SAMN06010493	Tuberculosis
SAMN06094068	Tuberculosis
SAMN06094069	Tuberculosis
SAMN06094070	Tuberculosis
SAMN06094071	Tuberculosis
SAMN06094072	Tuberculosis
SAMN06094073	Tuberculosis
SAMN06094074	Tuberculosis
SAMN06094075	Tuberculosis
SAMN06094076	Tuberculosis
SAMN06094077	Tuberculosis
SAMN06094078	Tuberculosis
SAMN06094079	Tuberculosis
SAMN06094080	Tuberculosis
SAMN06094081	Tuberculosis
SAMN06094082	Tuberculosis
SAMN06094083	Tuberculosis
SAMN06094084	Tuberculosis
SAMN06094085	Tuberculosis
SAMN06094086	Tuberculosis
SAMN06094087	Tuberculosis
SAMN06094088	Tuberculosis
SAMN06094089	Tuberculosis
SAMN06094090	Tuberculosis
SAMN06094091	Tuberculosis
SAMN06094092	Tuberculosis
SAMN06094093	Tuberculosis
SAMN06094094	Tuberculosis
SAMN06094095	Tuberculosis
SAMN06094096	Tuberculosis
SAMN06094097	Tuberculosis
SAMN06094098	Tuberculosis
SAMN06094099	Tuberculosis
SAMN06094100	Tuberculosis
SAMN06094101	Tuberculosis
SAMN06094102	Tuberculosis
SAMN06094103	Tuberculosis
SAMN06094104	Tuberculosis
SAMN06094105	Tuberculosis
SAMN06094106	Tuberculosis
SAMN06094107	Tuberculosis
SAMN06094108	Tuberculosis
SAMN06094109	Tuberculosis
SAMN06094110	Tuberculosis
SAMN06094111	Tuberculosis
SAMN06094112	Tuberculosis
SAMN06094113	Tuberculosis
SAMN06094114	Tuberculosis
SAMN06094115	Tuberculosis
SAMN06094116	Tuberculosis
SAMN06094117	Tuberculosis
SAMN06094118	Tuberculosis
SAMN06094119	Tuberculosis
SAMN06094120	Tuberculosis
SAMN06094121	Tuberculosis
SAMN06094122	Tuberculosis
SAMN06094128	Tuberculosis
SAMN06094129	Tuberculosis
SAMN06094130	Tuberculosis
SAMN06094131	Tuberculosis
SAMN06094132	Tuberculosis
SAMN06094133	Tuberculosis
SAMN06094134	Tuberculosis
SAMN06094135	Tuberculosis
SAMN06094136	Tuberculosis
SAMN06094137	Tuberculosis
SAMN06094138	Tuberculosis
SAMN06094139	Tuberculosis
SAMN06094140	Tuberculosis
SAMN06094141	Tuberculosis
SAMN06094142	Tuberculosis
SAMN06094143	Tuberculosis
SAMN06094144	Tuberculosis
SAMN06094145	Tuberculosis
SAMN06094146	Tuberculosis
SAMN06094147	Tuberculosis
SAMN06094148	Tuberculosis
SAMN06094149	Tuberculosis
SAMN06094150	Tuberculosis
SAMN06094151	Tuberculosis
SAMN06094152	Tuberculosis
SAMN06094153	Tuberculosis
SAMN06094154	Tuberculosis
SAMN06094155	Tuberculosis
SAMN06094156	Tuberculosis
SAMN06094157	Tuberculosis
SAMN06094158	Tuberculosis
SAMN06094159	Tuberculosis
SAMN06094160	Tuberculosis
SAMN06094161	Tuberculosis
SAMN06094162	Tuberculosis
SAMN06094163	Tuberculosis
SAMN06094164	Tuberculosis
SAMN06094165	Tuberculosis
SAMN06094166	Tuberculosis
SAMN06094167	Tuberculosis
SAMN06094168	Tuberculosis
SAMN06094169	Tuberculosis
SAMN06094170	Tuberculosis
SAMN06094171	Tuberculosis
SAMN06094172	Tuberculosis
SAMN06094173	Tuberculosis
SAMN06094174	Tuberculosis
SAMN06094175	Tuberculosis
SAMN06094176	Tuberculosis
SAMN06094177	Tuberculosis
SAMN06094178	Tuberculosis
SAMN06094179	Tuberculosis
SAMN06094180	Tuberculosis
SAMN06094181	Tuberculosis
SAMN06094182	Tuberculosis
SAMN06094183	Tuberculosis
SAMN06094184	Tuberculosis
SAMN06094185	Tuberculosis
SAMN06094186	Tuberculosis
SAMN06094187	Tuberculosis
SAMN06094188	Tuberculosis
SAMN06094189	Tuberculosis
SAMN06094190	Tuberculosis
SAMN06094191	Tuberculosis
SAMN06094192	Tuberculosis
SAMN06094193	Tuberculosis
SAMN06094194	Tuberculosis
SAMN06094195	Tuberculosis
SAMN06094196	Tuberculosis
SAMN06094197	Tuberculosis
SAMN06094198	Tuberculosis
SAMN06094199	Tuberculosis
SAMN06094200	Tuberculosis
SAMN06094201	Tuberculosis
SAMN06094202	Tuberculosis
SAMN06094203	Tuberculosis
SAMN06094204	Tuberculosis
SAMN06094205	Tuberculosis
SAMN06094206	Tuberculosis
SAMN06094207	Tuberculosis
SAMN06094208	Tuberculosis
SAMN06094209	Tuberculosis
SAMN06094210	Tuberculosis
SAMN06094211	Tuberculosis
SAMN06094212	Tuberculosis
SAMN06094213	Tuberculosis
SAMN06094214	Tuberculosis
SAMN06094215	Tuberculosis
SAMN06094216	Tuberculosis
SAMN06094217	Tuberculosis
SAMN06094218	Tuberculosis
SAMN06094219	Tuberculosis
SAMN06094220	Tuberculosis
SAMN06094221	Tuberculosis
SAMN06094222	Tuberculosis
SAMN06094223	Tuberculosis
SAMN06094224	Tuberculosis
SAMN06094225	Tuberculosis
SAMN06141171	Tuberculosis
SAMN06169721	Tuberculosis
SAMN06169722	Tuberculosis
SAMN06189363	tuberculous pleurisy
SAMN06189364	bilateral cavernous pulmonary tuberculosis
SAMN06292065	Tuberculosis
SAMN06292067	Tuberculosis
SAMN06292590	Tuberculosis
SAMN06292592	homo sapiens
SAMN06462277	Pulmonary Tuberculosis
SAMN06462278	Tuberculosis
SAMN06462279	Tuberculosis
SAMN06462281	Tuberculosis
SAMN06563651	Tuberculosis
SAMN06563652	Tuberculosis
SAMN06563653	Tuberculosis
SAMN06563654	Tuberculosis
SAMN06563655	Tuberculosis
SAMN06563656	Tuberculosis
SAMN06563657	Tuberculosis
SAMN06563658	Tuberculosis
SAMN06563659	Tuberculosis
SAMN06563660	Tuberculosis
SAMN06624811	Tuberculosis
SAMN06624812	Tuberculosis
SAMN06624814	Tuberculosis
SAMN06624815	Tuberculosis
SAMN06627426	Bovine tuberculosis
SAMN06627448	Bovine tuberculosis
SAMN06627494	Bovine tuberculosis
SAMN06627497	Bovine tuberculosis
SAMN06627533	Bovine tuberculosis
SAMN06627600	Bovine tuberculosis
SAMN06627640	Bovine tuberculosis
SAMN06627641	Bovine tuberculosis
SAMN06627643	Bovine tuberculosis
SAMN06627645	Bovine tuberculosis
SAMN06627992	Bovine tuberculosis
SAMN06627993	Bovine tuberculosis
SAMN06627994	Bovine tuberculosis
SAMN06627995	Bovine tuberculosis
SAMN06627996	Bovine tuberculosis
SAMN06627997	Bovine tuberculosis
SAMN06628109	Bovine tuberculosis
SAMN06628110	Bovine tuberculosis
SAMN06628112	Bovine tuberculosis
SAMN06628113	Bovine tuberculosis
SAMN06628114	Bovine tuberculosis
SAMN06628115	Bovine tuberculosis
SAMN06697553	Bovine Tuberculosis
SAMN06697554	Bovine Tuberculosis
SAMN07236903	Tuberculosis
SAMN07236904	Tuberculosis
SAMN07236905	Tuberculosis
SAMN07236906	Tuberculosis
SAMN07236907	Tuberculosis
SAMN07236908	Tuberculosis
SAMN07236909	Tuberculosis
SAMN07236910	Tuberculosis
SAMN07236911	Tuberculosis
SAMN07414819	Tuberculosis
SAMN07414820	Tuberculosis
SAMN07570350	Tuberculosis
SAMN07570351	Tuberculosis
SAMN07664823	Tuberculosis
SAMN07664824	Tuberculosis
SAMN07664825	Tuberculosis
SAMN07664826	Tuberculosis
SAMN07664827	Tuberculosis
SAMN07664828	Tuberculosis
SAMN07664829	Tuberculosis
SAMN07664830	Tuberculosis
SAMN07664831	Tuberculosis
SAMN07664832	Tuberculosis
SAMN07664833	Tuberculosis
SAMN07664834	Tuberculosis
SAMN07664835	Tuberculosis
SAMN07664836	Tuberculosis
SAMN07664837	Tuberculosis
SAMN07664838	Tuberculosis
SAMN07664839	Tuberculosis
SAMN07664840	Tuberculosis
SAMN07664841	Tuberculosis
SAMN07664842	Tuberculosis
SAMN07664843	Tuberculosis
SAMN07664844	Tuberculosis
SAMN07664845	Tuberculosis
SAMN07664846	Tuberculosis
SAMN07664847	Tuberculosis
SAMN07664848	Tuberculosis
SAMN07664849	Tuberculosis
SAMN07664850	Tuberculosis
SAMN07664851	Tuberculosis
SAMN07664852	Tuberculosis
SAMN07664853	Tuberculosis
SAMN07664854	Tuberculosis
SAMN07664855	Tuberculosis
SAMN07664856	Tuberculosis
SAMN07664857	Tuberculosis
SAMN07664858	Tuberculosis
SAMN07664859	Tuberculosis
SAMN07664860	Tuberculosis
SAMN07664861	Tuberculosis
SAMN07664862	Tuberculosis
SAMN07664863	Tuberculosis
SAMN07664864	Tuberculosis
SAMN07664865	Tuberculosis
SAMN07664866	Tuberculosis
SAMN07664867	Tuberculosis
SAMN07664868	Tuberculosis
SAMN07664869	Tuberculosis
SAMN07664870	Tuberculosis
SAMN07664871	Tuberculosis
SAMN07664872	Tuberculosis
SAMN07664873	Tuberculosis
SAMN07664874	Tuberculosis
SAMN07664875	Tuberculosis
SAMN07664876	Tuberculosis
SAMN07664877	Tuberculosis
SAMN07664878	Tuberculosis
SAMN07664879	Tuberculosis
SAMN07664880	Tuberculosis
SAMN07664881	Tuberculosis
SAMN07664882	Tuberculosis
SAMN07664883	Tuberculosis
SAMN07664884	Tuberculosis
SAMN07664885	Tuberculosis
SAMN07664886	Tuberculosis
SAMN07664887	Tuberculosis
SAMN07664888	Tuberculosis
SAMN07664889	Tuberculosis
SAMN07664890	Tuberculosis
SAMN07701721	Tuberculosis
SAMN07701799	Tuberculosis
SAMN08095524	Tuberculosis
SAMN08095528	Tuberculosis
SAMN08095537	Tuberculosis
SAMN08095541	Tuberculosis
SAMN08095555	Tuberculosis
SAMN08095578	Tuberculosis
SAMN08199254	Tuberculosis
SAMN08199260	Tuberculosis
SAMN08199265	Tuberculosis
SAMN08199266	Tuberculosis
SAMN08199267	Tuberculosis
SAMN08199268	Tuberculosis
SAMN08199271	Tuberculosis
SAMN08199276	Tuberculosis
SAMN08199277	Tuberculosis
SAMN08199301	Tuberculosis
SAMN08199302	Tuberculosis
SAMN08199303	Tuberculosis
SAMN08199305	Tuberculosis
SAMN08199306	Tuberculosis
SAMN08199347	Tuberculosis
SAMN08199348	Tuberculosis
SAMN08321029	Bovine tuberculosis
SAMN08321034	Bovine tuberculosis
SAMN08321035	Bovine tuberculosis
SAMN08321046	Bovine tuberculosis
SAMN08321055	Bovine tuberculosis
SAMN08386658	Tuberculosis
SAMN08432322	Tuberculosis
SAMN08432487	Tuberculosis
SAMN08432953	Tuberculosis
SAMN08432968	Tuberculosis
SAMN08432974	Tuberculosis
SAMN08432975	Tuberculosis
SAMN08432976	Tuberculosis
SAMN08432978	Tuberculosis
SAMN08432985	Tuberculosis
SAMN08436883	Tuberculosis
SAMN08436884	Tuberculosis
SAMN08437144	Tuberculosis
SAMN08437161	Tuberculosis
SAMN08437162	Tuberculosis
SAMN08437188	Tuberculosis
SAMN08437228	Tuberculosis
SAMN08437989	Tuberculosis
SAMN08437990	Tuberculosis
SAMN08438036	Tuberculosis
SAMN08462824	Tuberculosis
SAMN08765497	Tuberculosis
SAMN08794918	Tuberculosis
SAMN08973501	Tuberculosis Meningitis
SAMN09206576	Bovine Tuberculosis
SAMN09206577	Bovine Tuberculosis
SAMN09206578	Bovine Tuberculosis
SAMN09206579	Bovine Tuberculosis
SAMN09206580	Bovine Tuberculosis
SAMN09206581	Bovine Tuberculosis
SAMN09206582	Bovine Tuberculosis
SAMN09206583	Bovine Tuberculosis
SAMN09206584	Bovine Tuberculosis
SAMN09229031	Tuberculosis
SAMN09229032	Tuberculosis
SAMN09453176	Tuberculosis
SAMN09477757	Tuberculosis
SAMN09566388	Tuberculosis
SAMN09566389	Tuberculosis
SAMN09566390	Tuberculosis
SAMN09566391	Tuberculosis
SAMN09566392	Tuberculosis
SAMN09566393	Tuberculosis
SAMN09566394	Tuberculosis
SAMN09566395	Tuberculosis
SAMN09566396	Tuberculosis
SAMN09566397	Tuberculosis
SAMN09566398	Tuberculosis
SAMN09566399	Tuberculosis
SAMN09566400	Tuberculosis
SAMN09566403	Tuberculosis
SAMN09566405	Tuberculosis
SAMN09566406	Tuberculosis
SAMN09566408	Tuberculosis
SAMN09566409	Tuberculosis
SAMN09566410	Tuberculosis
SAMN09566411	Tuberculosis
SAMN09566414	Tuberculosis
SAMN09566415	Tuberculosis
SAMN09566416	Tuberculosis
SAMN09566417	Tuberculosis
SAMN09566418	Tuberculosis
SAMN09566419	Tuberculosis
SAMN09566420	Tuberculosis
SAMN09566421	Tuberculosis
SAMN09566422	Tuberculosis
SAMN09566423	Tuberculosis
SAMN09566424	Tuberculosis
SAMN09566425	Tuberculosis
SAMN09566426	Tuberculosis
SAMN09566427	Tuberculosis
SAMN09566428	Tuberculosis
SAMN09566429	Tuberculosis
SAMN09566430	Tuberculosis
SAMN09566431	Tuberculosis
SAMN09566432	Tuberculosis
SAMN09566433	Tuberculosis
SAMN09566434	Tuberculosis
SAMN09566435	Tuberculosis
SAMN09566436	Tuberculosis
SAMN09566437	Tuberculosis
SAMN09566438	Tuberculosis
SAMN09566439	Tuberculosis
SAMN09566440	Tuberculosis
SAMN09566441	Tuberculosis
SAMN09566442	Tuberculosis
SAMN09566443	Tuberculosis
SAMN09566444	Tuberculosis
SAMN09566445	Tuberculosis
SAMN09566446	Tuberculosis
SAMN09566447	Tuberculosis
SAMN09566448	Tuberculosis
SAMN09566449	Tuberculosis
SAMN09566450	Tuberculosis
SAMN09566451	Tuberculosis
SAMN09566452	Tuberculosis
SAMN09566453	Tuberculosis
SAMN09566454	Tuberculosis
SAMN09566455	Tuberculosis
SAMN09566456	Tuberculosis
SAMN09566457	Tuberculosis
SAMN09566458	Tuberculosis
SAMN09566459	Tuberculosis
SAMN09566460	Tuberculosis
SAMN09566461	Tuberculosis
SAMN09566463	Tuberculosis
SAMN09566464	Tuberculosis
SAMN09566465	Tuberculosis
SAMN09566466	Tuberculosis
SAMN09566467	Tuberculosis
SAMN09566468	Tuberculosis
SAMN09566469	Tuberculosis
SAMN09566470	Tuberculosis
SAMN09566471	Tuberculosis
SAMN09566472	Tuberculosis
SAMN09566473	Tuberculosis
SAMN09566474	Tuberculosis
SAMN09566475	Tuberculosis
SAMN09566476	Tuberculosis
SAMN09566477	Tuberculosis
SAMN09566478	Tuberculosis
SAMN09566479	Tuberculosis
SAMN09566480	Tuberculosis
SAMN09566481	Tuberculosis
SAMN09566482	Tuberculosis
SAMN09566483	Tuberculosis
SAMN09566484	Tuberculosis
SAMN09566485	Tuberculosis
SAMN09566486	Tuberculosis
SAMN09566488	Tuberculosis
SAMN09566489	Tuberculosis
SAMN09566490	Tuberculosis
SAMN09566491	Tuberculosis
SAMN09566492	Tuberculosis
SAMN09566493	Tuberculosis
SAMN09566494	Tuberculosis
SAMN09566495	Tuberculosis
SAMN09566496	Tuberculosis
SAMN09566497	Tuberculosis
SAMN09566498	Tuberculosis
SAMN09566499	Tuberculosis
SAMN09566500	Tuberculosis
SAMN09566501	Tuberculosis
SAMN09566502	Tuberculosis
SAMN09566503	Tuberculosis
SAMN09566504	Tuberculosis
SAMN09566505	Tuberculosis
SAMN09566506	Tuberculosis
SAMN09566507	Tuberculosis
SAMN09566508	Tuberculosis
SAMN09566509	Tuberculosis
SAMN09566510	Tuberculosis
SAMN09566511	Tuberculosis
SAMN09566512	Tuberculosis
SAMN09566513	Tuberculosis
SAMN09566514	Tuberculosis
SAMN09566515	Tuberculosis
SAMN09566516	Tuberculosis
SAMN09566517	Tuberculosis
SAMN09566518	Tuberculosis
SAMN09566519	Tuberculosis
SAMN09566520	Tuberculosis
SAMN09566521	Tuberculosis
SAMN09566522	Tuberculosis
SAMN09566523	Tuberculosis
SAMN09566524	Tuberculosis
SAMN09566525	Tuberculosis
SAMN09566526	Tuberculosis
SAMN09566527	Tuberculosis
SAMN09566528	Tuberculosis
SAMN09566529	Tuberculosis
SAMN09566530	Tuberculosis
SAMN09566531	Tuberculosis
SAMN09566532	Tuberculosis
SAMN09566533	Tuberculosis
SAMN09566534	Tuberculosis
SAMN09566535	Tuberculosis
SAMN09566536	Tuberculosis
SAMN09566537	Tuberculosis
SAMN09566538	Tuberculosis
SAMN09566539	Tuberculosis
SAMN09566540	Tuberculosis
SAMN09566541	Tuberculosis
SAMN09566542	Tuberculosis
SAMN09566543	Tuberculosis
SAMN09566544	Tuberculosis
SAMN09566545	Tuberculosis
SAMN09566546	Tuberculosis
SAMN09566547	Tuberculosis
SAMN09566548	Tuberculosis
SAMN09566549	Tuberculosis
SAMN09566550	Tuberculosis
SAMN09566551	Tuberculosis
SAMN09566552	Tuberculosis
SAMN09566553	Tuberculosis
SAMN09566554	Tuberculosis
SAMN09566555	Tuberculosis
SAMN09566556	Tuberculosis
SAMN09566557	Tuberculosis
SAMN09566558	Tuberculosis
SAMN09566559	Tuberculosis
SAMN09566560	Tuberculosis
SAMN09566561	Tuberculosis
SAMN09566562	Tuberculosis
SAMN09566563	Tuberculosis
SAMN09566564	Tuberculosis
SAMN09566565	Tuberculosis
SAMN09566566	Tuberculosis
SAMN09566567	Tuberculosis
SAMN09566568	Tuberculosis
SAMN09566569	Tuberculosis
SAMN09566570	Tuberculosis
SAMN09566571	Tuberculosis
SAMN09566572	Tuberculosis
SAMN09566573	Tuberculosis
SAMN09566574	Tuberculosis
SAMN09566575	Tuberculosis
SAMN09566576	Tuberculosis
SAMN09566577	Tuberculosis
SAMN09566578	Tuberculosis
SAMN09566579	Tuberculosis
SAMN09566580	Tuberculosis
SAMN09566581	Tuberculosis
SAMN09566582	Tuberculosis
SAMN09566583	Tuberculosis
SAMN09566584	Tuberculosis
SAMN09566585	Tuberculosis
SAMN09566586	Tuberculosis
SAMN09566587	Tuberculosis
SAMN09566588	Tuberculosis
SAMN09566589	Tuberculosis
SAMN09566590	Tuberculosis
SAMN09566591	Tuberculosis
SAMN09566592	Tuberculosis
SAMN09566593	Tuberculosis
SAMN09566594	Tuberculosis
SAMN09566595	Tuberculosis
SAMN09566596	Tuberculosis
SAMN09566597	Tuberculosis
SAMN09566598	Tuberculosis
SAMN09566599	Tuberculosis
SAMN09566600	Tuberculosis
SAMN09566601	Tuberculosis
SAMN09566602	Tuberculosis
SAMN09566603	Tuberculosis
SAMN09566604	Tuberculosis
SAMN09566605	Tuberculosis
SAMN09566606	Tuberculosis
SAMN09566607	Tuberculosis
SAMN09566608	Tuberculosis
SAMN09566609	Tuberculosis
SAMN09566610	Tuberculosis
SAMN09566611	Tuberculosis
SAMN09566612	Tuberculosis
SAMN09566613	Tuberculosis
SAMN09566614	Tuberculosis
SAMN09566615	Tuberculosis
SAMN09566616	Tuberculosis
SAMN09566617	Tuberculosis
SAMN09566618	Tuberculosis
SAMN09566619	Tuberculosis
SAMN09566621	Tuberculosis
SAMN09566622	Tuberculosis
SAMN09566623	Tuberculosis
SAMN09566624	Tuberculosis
SAMN09566625	Tuberculosis
SAMN09566626	Tuberculosis
SAMN09566627	Tuberculosis
SAMN09566628	Tuberculosis
SAMN09566629	Tuberculosis
SAMN09566630	Tuberculosis
SAMN09566631	Tuberculosis
SAMN09566632	Tuberculosis
SAMN09566633	Tuberculosis
SAMN09566634	Tuberculosis
SAMN09566635	Tuberculosis
SAMN09566636	Tuberculosis
SAMN09566637	Tuberculosis
SAMN09566638	Tuberculosis
SAMN09566639	Tuberculosis
SAMN09566640	Tuberculosis
SAMN09566641	Tuberculosis
SAMN09566642	Tuberculosis
SAMN09566643	Tuberculosis
SAMN09566644	Tuberculosis
SAMN09566645	Tuberculosis
SAMN09566646	Tuberculosis
SAMN09566647	Tuberculosis
SAMN09566648	Tuberculosis
SAMN09566649	Tuberculosis
SAMN09566650	Tuberculosis
SAMN09566651	Tuberculosis
SAMN09566652	Tuberculosis
SAMN09566653	Tuberculosis
SAMN09566654	Tuberculosis
SAMN09566655	Tuberculosis
SAMN09566656	Tuberculosis
SAMN09566657	Tuberculosis
SAMN09566658	Tuberculosis
SAMN09566659	Tuberculosis
SAMN09566660	Tuberculosis
SAMN09566661	Tuberculosis
SAMN09566662	Tuberculosis
SAMN09566663	Tuberculosis
SAMN09566664	Tuberculosis
SAMN09566665	Tuberculosis
SAMN09566666	Tuberculosis
SAMN09566667	Tuberculosis
SAMN09566668	Tuberculosis
SAMN09566669	Tuberculosis
SAMN09566670	Tuberculosis
SAMN09566671	Tuberculosis
SAMN09566672	Tuberculosis
SAMN09566673	Tuberculosis
SAMN09566674	Tuberculosis
SAMN09566675	Tuberculosis
SAMN09566676	Tuberculosis
SAMN09566677	Tuberculosis
SAMN09566678	Tuberculosis
SAMN09566679	Tuberculosis
SAMN09566680	Tuberculosis
SAMN09566681	Tuberculosis
SAMN09566682	Tuberculosis
SAMN09566683	Tuberculosis
SAMN09566684	Tuberculosis
SAMN09566685	Tuberculosis
SAMN09566686	Tuberculosis
SAMN09566687	Tuberculosis
SAMN09566688	Tuberculosis
SAMN09566689	Tuberculosis
SAMN09566690	Tuberculosis
SAMN09566691	Tuberculosis
SAMN09566692	Tuberculosis
SAMN09566693	Tuberculosis
SAMN09566694	Tuberculosis
SAMN09566695	Tuberculosis
SAMN09566696	Tuberculosis
SAMN09566697	Tuberculosis
SAMN09566698	Tuberculosis
SAMN09566699	Tuberculosis
SAMN09566700	Tuberculosis
SAMN09566701	Tuberculosis
SAMN09566702	Tuberculosis
SAMN09566703	Tuberculosis
SAMN09566704	Tuberculosis
SAMN09566705	Tuberculosis
SAMN09566706	Tuberculosis
SAMN09566707	Tuberculosis
SAMN09566708	Tuberculosis
SAMN09566709	Tuberculosis
SAMN09566710	Tuberculosis
SAMN09566711	Tuberculosis
SAMN09566712	Tuberculosis
SAMN09566713	Tuberculosis
SAMN09566714	Tuberculosis
SAMN09566715	Tuberculosis
SAMN09566716	Tuberculosis
SAMN09566717	Tuberculosis
SAMN09566718	Tuberculosis
SAMN09566719	Tuberculosis
SAMN09566720	Tuberculosis
SAMN09566721	Tuberculosis
SAMN09566722	Tuberculosis
SAMN09566723	Tuberculosis
SAMN09566724	Tuberculosis
SAMN09566725	Tuberculosis
SAMN09566726	Tuberculosis
SAMN09566728	Tuberculosis
SAMN09566729	Tuberculosis
SAMN09566730	Tuberculosis
SAMN09566731	Tuberculosis
SAMN09811670	Tuberculosis
SAMN09811671	Tuberculosis
SAMN10120074	Tuberculosis
SAMN10120075	Tuberculosis
SAMN10120076	Tuberculosis
SAMN10120077	Tuberculosis
SAMN10120078	Tuberculosis
SAMN10120079	Tuberculosis
SAMN10120080	Tuberculosis
SAMN10120081	Tuberculosis
SAMN10120082	Tuberculosis
SAMN10120083	Tuberculosis
SAMN10120084	Tuberculosis
SAMN10120085	Tuberculosis
SAMN10120086	Tuberculosis
SAMN10120087	Tuberculosis
SAMN10120088	Tuberculosis
SAMN10120089	Tuberculosis
SAMN10278076	Tuberculosis
SAMN10279424	Tuberculosis
SAMN10386492	Tuberculosis
SAMN10386493	Tuberculosis
SAMN10386494	Tuberculosis
SAMN10386495	Tuberculosis
SAMN10386496	Tuberculosis
SAMN10386497	Tuberculosis
SAMN10386498	Tuberculosis
SAMN10587724	infiltrative tuberculosis
SAMN10587736	tuberculoma
SAMN10588750	infiltrative tuberculosis
SAMN10589319	infiltrative tuberculosis
SAMN10589489	infiltrative tuberculosis
SAMN10592335	infiltrative tuberculosis
SAMN10592336	infiltrative tuberculosis
SAMN10592345	infiltrative tuberculosis
SAMN10592348	disseminated tuberculosis
SAMN10592494	infiltrative tuberculosis
SAMN10592500	infiltrative tuberculosis
SAMN10593020	infiltrative tuberculosis
SAMN10593042	tuberculoma
SAMN10593104	tuberculoma
SAMN10593109	fibro-cavernous tuberculosis
SAMN10593121	infiltrative tuberculosis
SAMN10593327	infiltrative tuberculosis
SAMN10659527	Tuberculosis
SAMN10659528	Tuberculosis
SAMN10659529	Tuberculosis
SAMN10659530	Tuberculosis
SAMN10659531	Tuberculosis
SAMN10659532	Tuberculosis
SAMN10659533	Tuberculosis
SAMN10659534	Tuberculosis
SAMN10659535	Tuberculosis
SAMN10659536	Tuberculosis
SAMN10697415	Tuberculosis
SAMN10697416	Tuberculosis
SAMN10697417	Tuberculosis
SAMN10697418	Tuberculosis
SAMN10697419	Tuberculosis
SAMN10697420	Tuberculosis
SAMN10697421	Tuberculosis
SAMN10697422	Tuberculosis
SAMN10697423	Tuberculosis
SAMN10697424	Tuberculosis
SAMN10697425	Tuberculosis
SAMN10697426	Tuberculosis
SAMN10697427	Tuberculosis
SAMN10697428	Tuberculosis
SAMN10697429	Tuberculosis
SAMN10697430	Tuberculosis
SAMN10697431	Tuberculosis
SAMN10697432	Tuberculosis
SAMN10697433	Tuberculosis
SAMN10697434	Tuberculosis
SAMN10697435	Tuberculosis
SAMN10697436	Tuberculosis
SAMN10697437	Tuberculosis
SAMN10697438	Tuberculosis
SAMN10697439	Tuberculosis
SAMN10697440	Tuberculosis
SAMN10697441	Tuberculosis
SAMN10697442	Tuberculosis
SAMN10697443	Tuberculosis
SAMN10697444	Tuberculosis
SAMN10697445	Tuberculosis
SAMN10697446	Tuberculosis
SAMN10697447	Tuberculosis
SAMN10697448	Tuberculosis
SAMN10697449	Tuberculosis
SAMN10697450	Tuberculosis
SAMN10697451	Tuberculosis
SAMN10697452	Tuberculosis
SAMN10697453	Tuberculosis
SAMN10697454	Tuberculosis
SAMN10697455	Tuberculosis
SAMN10697456	Tuberculosis
SAMN10697457	Tuberculosis
SAMN10697459	Tuberculosis
SAMN10697460	Tuberculosis
SAMN10697461	Tuberculosis
SAMN10697462	Tuberculosis
SAMN10697463	Tuberculosis
SAMN10697464	Tuberculosis
SAMN10697465	Tuberculosis
SAMN10697466	Tuberculosis
SAMN10697467	Tuberculosis
SAMN10697468	Tuberculosis
SAMN10697469	Tuberculosis
SAMN10697470	Tuberculosis
SAMN10697471	Tuberculosis
SAMN10697472	Tuberculosis
SAMN10697473	Tuberculosis
SAMN10697474	Tuberculosis
SAMN10697475	Tuberculosis
SAMN10697476	Tuberculosis
SAMN10697477	Tuberculosis
SAMN10697478	Tuberculosis
SAMN10697479	Tuberculosis
SAMN10697480	Tuberculosis
SAMN10697481	Tuberculosis
SAMN10697482	Tuberculosis
SAMN10697483	Tuberculosis
SAMN10697484	Tuberculosis
SAMN10697485	Tuberculosis
SAMN10697486	Tuberculosis
SAMN10697487	Tuberculosis
SAMN10697488	Tuberculosis
SAMN10697489	Tuberculosis
SAMN10697490	Tuberculosis
SAMN10697491	Tuberculosis
SAMN10697492	Tuberculosis
SAMN10697493	Tuberculosis
SAMN10697494	Tuberculosis
SAMN10697495	Tuberculosis
SAMN10697496	Tuberculosis
SAMN10697497	Tuberculosis
SAMN10697498	Tuberculosis
SAMN10697499	Tuberculosis
SAMN10697500	Tuberculosis
SAMN10697501	Tuberculosis
SAMN10697502	Tuberculosis
SAMN10697503	Tuberculosis
SAMN10697504	Tuberculosis
SAMN10697505	Tuberculosis
SAMN10697506	Tuberculosis
SAMN10697507	Tuberculosis
SAMN10697508	Tuberculosis
SAMN10697509	Tuberculosis
SAMN10697510	Tuberculosis
SAMN10697511	Tuberculosis
SAMN10697512	Tuberculosis
SAMN10697513	Tuberculosis
SAMN10697514	Tuberculosis
SAMN10697515	Tuberculosis
SAMN10697516	Tuberculosis
SAMN10697517	Tuberculosis
SAMN10697518	Tuberculosis
SAMN10697519	Tuberculosis
SAMN10697520	Tuberculosis
SAMN10697521	Tuberculosis
SAMN10697522	Tuberculosis
SAMN10697523	Tuberculosis
SAMN10697524	Tuberculosis
SAMN10697525	Tuberculosis
SAMN10697526	Tuberculosis
SAMN10697527	Tuberculosis
SAMN10697528	Tuberculosis
SAMN10697529	Tuberculosis
SAMN10697530	Tuberculosis
SAMN10697531	Tuberculosis
SAMN10697532	Tuberculosis
SAMN10697533	Tuberculosis
SAMN10697534	Tuberculosis
SAMN10697535	Tuberculosis
SAMN10697536	Tuberculosis
SAMN10697537	Tuberculosis
SAMN10697538	Tuberculosis
SAMN10697539	Tuberculosis
SAMN10697540	Tuberculosis
SAMN10697541	Tuberculosis
SAMN10697542	Tuberculosis
SAMN10697543	Tuberculosis
SAMN10697544	Tuberculosis
SAMN10697545	Tuberculosis
SAMN10697546	Tuberculosis
SAMN10697547	Tuberculosis
SAMN10697548	Tuberculosis
SAMN10697549	Tuberculosis
SAMN10697550	Tuberculosis
SAMN10697551	Tuberculosis
SAMN10697552	Tuberculosis
SAMN10697553	Tuberculosis
SAMN10697554	Tuberculosis
SAMN10697555	Tuberculosis
SAMN10697556	Tuberculosis
SAMN10697557	Tuberculosis
SAMN10697558	Tuberculosis
SAMN10697559	Tuberculosis
SAMN10697560	Tuberculosis
SAMN10697561	Tuberculosis
SAMN10697562	Tuberculosis
SAMN10697563	Tuberculosis
SAMN10697564	Tuberculosis
SAMN10697565	Tuberculosis
SAMN10697566	Tuberculosis
SAMN10697567	Tuberculosis
SAMN10697568	Tuberculosis
SAMN10697569	Tuberculosis
SAMN10697570	Tuberculosis
SAMN10697571	Tuberculosis
SAMN10697572	Tuberculosis
SAMN10697573	Tuberculosis
SAMN10697574	Tuberculosis
SAMN10697575	Tuberculosis
SAMN10697576	Tuberculosis
SAMN10697577	Tuberculosis
SAMN10697578	Tuberculosis
SAMN10697579	Tuberculosis
SAMN10697580	Tuberculosis
SAMN10697581	Tuberculosis
SAMN10697582	Tuberculosis
SAMN10697583	Tuberculosis
SAMN10697585	Tuberculosis
SAMN10697586	Tuberculosis
SAMN10697587	Tuberculosis
SAMN10697588	Tuberculosis
SAMN10697589	Tuberculosis
SAMN10697590	Tuberculosis
SAMN10697591	Tuberculosis
SAMN10697592	Tuberculosis
SAMN10697593	Tuberculosis
SAMN10697594	Tuberculosis
SAMN10697595	Tuberculosis
SAMN10697596	Tuberculosis
SAMN10697597	Tuberculosis
SAMN10697598	Tuberculosis
SAMN10697599	Tuberculosis
SAMN10697600	Tuberculosis
SAMN10697601	Tuberculosis
SAMN10697602	Tuberculosis
SAMN10697603	Tuberculosis
SAMN10697604	Tuberculosis
SAMN10697605	Tuberculosis
SAMN10697606	Tuberculosis
SAMN10697607	Tuberculosis
SAMN10697608	Tuberculosis
SAMN10697609	Tuberculosis
SAMN10697610	Tuberculosis
SAMN10697611	Tuberculosis
SAMN10697612	Tuberculosis
SAMN10697613	Tuberculosis
SAMN10697614	Tuberculosis
SAMN10697615	Tuberculosis
SAMN10697616	Tuberculosis
SAMN10697617	Tuberculosis
SAMN10697618	Tuberculosis
SAMN10697619	Tuberculosis
SAMN10697620	Tuberculosis
SAMN10697621	Tuberculosis
SAMN10697622	Tuberculosis
SAMN10697623	Tuberculosis
SAMN10697624	Tuberculosis
SAMN10697625	Tuberculosis
SAMN10697626	Tuberculosis
SAMN10697627	Tuberculosis
SAMN10697628	Tuberculosis
SAMN10697629	Tuberculosis
SAMN10697630	Tuberculosis
SAMN10697631	Tuberculosis
SAMN10697632	Tuberculosis
SAMN10697633	Tuberculosis
SAMN10697634	Tuberculosis
SAMN10697635	Tuberculosis
SAMN10697636	Tuberculosis
SAMN10697637	Tuberculosis
SAMN10697638	Tuberculosis
SAMN10697639	Tuberculosis
SAMN10697640	Tuberculosis
SAMN10697642	Tuberculosis
SAMN10697643	Tuberculosis
SAMN10697644	Tuberculosis
SAMN10697645	Tuberculosis
SAMN10697646	Tuberculosis
SAMN10697647	Tuberculosis
SAMN10697648	Tuberculosis
SAMN10697649	Tuberculosis
SAMN10697650	Tuberculosis
SAMN10697651	Tuberculosis
SAMN10697652	Tuberculosis
SAMN10697653	Tuberculosis
SAMN10697654	Tuberculosis
SAMN10697655	Tuberculosis
SAMN10697656	Tuberculosis
SAMN10697657	Tuberculosis
SAMN10697658	Tuberculosis
SAMN10697659	Tuberculosis
SAMN10697660	Tuberculosis
SAMN10697661	Tuberculosis
SAMN10697662	Tuberculosis
SAMN10697663	Tuberculosis
SAMN10697664	Tuberculosis
SAMN10697665	Tuberculosis
SAMN10697666	Tuberculosis
SAMN10697667	Tuberculosis
SAMN10697668	Tuberculosis
SAMN10697669	Tuberculosis
SAMN10697670	Tuberculosis
SAMN10697671	Tuberculosis
SAMN10697672	Tuberculosis
SAMN10697673	Tuberculosis
SAMN10697674	Tuberculosis
SAMN10697675	Tuberculosis
SAMN10697676	Tuberculosis
SAMN10697677	Tuberculosis
SAMN10697678	Tuberculosis
SAMN10697679	Tuberculosis
SAMN10697680	Tuberculosis
SAMN10697681	Tuberculosis
SAMN10697682	Tuberculosis
SAMN10697683	Tuberculosis
SAMN10697684	Tuberculosis
SAMN10697685	Tuberculosis
SAMN10697686	Tuberculosis
SAMN10697687	Tuberculosis
SAMN10697688	Tuberculosis
SAMN10697689	Tuberculosis
SAMN10697690	Tuberculosis
SAMN10697691	Tuberculosis
SAMN10697692	Tuberculosis
SAMN10697693	Tuberculosis
SAMN10697694	Tuberculosis
SAMN10697695	Tuberculosis
SAMN10697696	Tuberculosis
SAMN10697697	Tuberculosis
SAMN10697698	Tuberculosis
SAMN10697699	Tuberculosis
SAMN10697700	Tuberculosis
SAMN10697701	Tuberculosis
SAMN10697702	Tuberculosis
SAMN10697703	Tuberculosis
SAMN10697704	Tuberculosis
SAMN10697705	Tuberculosis
SAMN10697706	Tuberculosis
SAMN10697707	Tuberculosis
SAMN10697708	Tuberculosis
SAMN10697709	Tuberculosis
SAMN10697710	Tuberculosis
SAMN10697711	Tuberculosis
SAMN10697712	Tuberculosis
SAMN10697713	Tuberculosis
SAMN10697714	Tuberculosis
SAMN10697715	Tuberculosis
SAMN10697716	Tuberculosis
SAMN10697717	Tuberculosis
SAMN10697718	Tuberculosis
SAMN10697719	Tuberculosis
SAMN10697720	Tuberculosis
SAMN10697721	Tuberculosis
SAMN10697722	Tuberculosis
SAMN10697723	Tuberculosis
SAMN10697724	Tuberculosis
SAMN10697725	Tuberculosis
SAMN10697726	Tuberculosis
SAMN10697727	Tuberculosis
SAMN10697728	Tuberculosis
SAMN10697729	Tuberculosis
SAMN10697730	Tuberculosis
SAMN10697731	Tuberculosis
SAMN10697732	Tuberculosis
SAMN10697733	Tuberculosis
SAMN10697734	Tuberculosis
SAMN10697735	Tuberculosis
SAMN10697736	Tuberculosis
SAMN10697737	Tuberculosis
SAMN10697738	Tuberculosis
SAMN10697739	Tuberculosis
SAMN10697740	Tuberculosis
SAMN10697741	Tuberculosis
SAMN10697742	Tuberculosis
SAMN10697743	Tuberculosis
SAMN10697744	Tuberculosis
SAMN10697745	Tuberculosis
SAMN10697746	Tuberculosis
SAMN10697747	Tuberculosis
SAMN10697748	Tuberculosis
SAMN10697749	Tuberculosis
SAMN10697750	Tuberculosis
SAMN10697751	Tuberculosis
SAMN10697752	Tuberculosis
SAMN10697753	Tuberculosis
SAMN10697754	Tuberculosis
SAMN10697755	Tuberculosis
SAMN10697756	Tuberculosis
SAMN10697757	Tuberculosis
SAMN10697758	Tuberculosis
SAMN10697759	Tuberculosis
SAMN10697760	Tuberculosis
SAMN10697761	Tuberculosis
SAMN10697762	Tuberculosis
SAMN10697763	Tuberculosis
SAMN10697764	Tuberculosis
SAMN10697765	Tuberculosis
SAMN10697766	Tuberculosis
SAMN10697767	Tuberculosis
SAMN10697768	Tuberculosis
SAMN10697769	Tuberculosis
SAMN10697770	Tuberculosis
SAMN10697771	Tuberculosis
SAMN10697772	Tuberculosis
SAMN10697773	Tuberculosis
SAMN10697774	Tuberculosis
SAMN10697775	Tuberculosis
SAMN10697776	Tuberculosis
SAMN10697777	Tuberculosis
SAMN10697778	Tuberculosis
SAMN10697779	Tuberculosis
SAMN10697780	Tuberculosis
SAMN10697781	Tuberculosis
SAMN10697782	Tuberculosis
SAMN10697783	Tuberculosis
SAMN10697784	Tuberculosis
SAMN10697785	Tuberculosis
SAMN10697786	Tuberculosis
SAMN10697787	Tuberculosis
SAMN10697788	Tuberculosis
SAMN10697789	Tuberculosis
SAMN10697790	Tuberculosis
SAMN10697791	Tuberculosis
SAMN10697792	Tuberculosis
SAMN10697793	Tuberculosis
SAMN10697794	Tuberculosis
SAMN10697795	Tuberculosis
SAMN10697796	Tuberculosis
SAMN10697797	Tuberculosis
SAMN10697798	Tuberculosis
SAMN10697799	Tuberculosis
SAMN10697800	Tuberculosis
SAMN10697801	Tuberculosis
SAMN10697802	Tuberculosis
SAMN10697803	Tuberculosis
SAMN10697804	Tuberculosis
SAMN10697805	Tuberculosis
SAMN10697806	Tuberculosis
SAMN10697807	Tuberculosis
SAMN10697808	Tuberculosis
SAMN10697809	Tuberculosis
SAMN10697810	Tuberculosis
SAMN10697811	Tuberculosis
SAMN10697812	Tuberculosis
SAMN10697813	Tuberculosis
SAMN10697814	Tuberculosis
SAMN10697815	Tuberculosis
SAMN10697816	Tuberculosis
SAMN10697817	Tuberculosis
SAMN10697818	Tuberculosis
SAMN10697819	Tuberculosis
SAMN10697820	Tuberculosis
SAMN10697821	Tuberculosis
SAMN10697822	Tuberculosis
SAMN10697823	Tuberculosis
SAMN10697824	Tuberculosis
SAMN10697825	Tuberculosis
SAMN10697826	Tuberculosis
SAMN10697827	Tuberculosis
SAMN10697828	Tuberculosis
SAMN10697829	Tuberculosis
SAMN10697830	Tuberculosis
SAMN10697831	Tuberculosis
SAMN10697832	Tuberculosis
SAMN10697833	Tuberculosis
SAMN10697834	Tuberculosis
SAMN10697835	Tuberculosis
SAMN10697836	Tuberculosis
SAMN10697837	Tuberculosis
SAMN10697838	Tuberculosis
SAMN10697839	Tuberculosis
SAMN10697840	Tuberculosis
SAMN10697841	Tuberculosis
SAMN10697842	Tuberculosis
SAMN10697843	Tuberculosis
SAMN10697844	Tuberculosis
SAMN10697845	Tuberculosis
SAMN10697846	Tuberculosis
SAMN10697847	Tuberculosis
SAMN10697848	Tuberculosis
SAMN10697849	Tuberculosis
SAMN10697850	Tuberculosis
SAMN10697851	Tuberculosis
SAMN10697852	Tuberculosis
SAMN10697853	Tuberculosis
SAMN10697854	Tuberculosis
SAMN10697855	Tuberculosis
SAMN10697856	Tuberculosis
SAMN10697857	Tuberculosis
SAMN10697858	Tuberculosis
SAMN10697859	Tuberculosis
SAMN10697860	Tuberculosis
SAMN10697861	Tuberculosis
SAMN10697862	Tuberculosis
SAMN10697863	Tuberculosis
SAMN10697864	Tuberculosis
SAMN10697865	Tuberculosis
SAMN10697866	Tuberculosis
SAMN10697867	Tuberculosis
SAMN10697868	Tuberculosis
SAMN10697869	Tuberculosis
SAMN10697870	Tuberculosis
SAMN10697871	Tuberculosis
SAMN10697872	Tuberculosis
SAMN10697873	Tuberculosis
SAMN10697874	Tuberculosis
SAMN10697875	Tuberculosis
SAMN10697876	Tuberculosis
SAMN10697877	Tuberculosis
SAMN10697878	Tuberculosis
SAMN10697879	Tuberculosis
SAMN10697880	Tuberculosis
SAMN10697881	Tuberculosis
SAMN10697882	Tuberculosis
SAMN10697883	Tuberculosis
SAMN10697884	Tuberculosis
SAMN10697885	Tuberculosis
SAMN10697886	Tuberculosis
SAMN10697887	Tuberculosis
SAMN10697888	Tuberculosis
SAMN10697889	Tuberculosis
SAMN10697890	Tuberculosis
SAMN10697891	Tuberculosis
SAMN10697892	Tuberculosis
SAMN10697893	Tuberculosis
SAMN10697894	Tuberculosis
SAMN10697895	Tuberculosis
SAMN11056472	Chronic pulmonary tuberculosis
SAMN11523165	Tuberculosis
SAMN11620726	Tuberculosis
SAMN11620747	Tuberculosis
SAMN11620770	Tuberculosis
SAMN11620795	Tuberculosis
SAMN11620796	Tuberculosis
SAMN11620797	Tuberculosis
SAMN11620807	Tuberculosis
SAMN11620808	Tuberculosis
SAMN11620809	Tuberculosis
SAMN11620810	Tuberculosis
SAMN11620847	Tuberculosis
SAMN11620937	Tuberculosis
SAMN11954087	Tuberculosis
SAMN12126281	Pulmonary Tuberculosis
SAMN12216145	Tuberculosis
SAMN12325189	Tuberculosis
SAMN12325190	Tuberculosis
SAMN12325191	Tuberculosis
SAMN12325192	Tuberculosis
SAMN12325193	Tuberculosis
SAMN12325194	Tuberculosis
SAMN12325195	Tuberculosis
SAMN12325196	Tuberculosis
SAMN12325197	Tuberculosis
SAMN12325198	Tuberculosis
SAMN12325199	Tuberculosis
SAMN12325200	Tuberculosis
SAMN12325201	Tuberculosis
SAMN12325202	Tuberculosis
SAMN12325203	Tuberculosis
SAMN12325204	Tuberculosis
SAMN12325205	Tuberculosis
SAMN12325206	Tuberculosis
SAMN12325207	Tuberculosis
SAMN12325208	Tuberculosis
SAMN12325209	Tuberculosis
SAMN12325210	Tuberculosis
SAMN12325211	Tuberculosis
SAMN12325212	Tuberculosis
SAMN12325213	Tuberculosis
SAMN12325214	Tuberculosis
SAMN12325215	Tuberculosis
SAMN12325216	Tuberculosis
SAMN12325217	Tuberculosis
SAMN12325218	Tuberculosis
SAMN12325219	Tuberculosis
SAMN12325220	Tuberculosis
SAMN12325221	Tuberculosis
SAMN12325222	Tuberculosis
SAMN12325223	Tuberculosis
SAMN12325224	Tuberculosis
SAMN12325225	Tuberculosis
SAMN12325226	Tuberculosis
SAMN12325227	Tuberculosis
SAMN12325228	Tuberculosis
SAMN12325229	Tuberculosis
SAMN12325230	Tuberculosis
SAMN12325231	Tuberculosis
SAMN12325232	Tuberculosis
SAMN12325233	Tuberculosis
SAMN12325234	Tuberculosis
SAMN12325235	Tuberculosis
SAMN12325236	Tuberculosis
SAMN12325237	Tuberculosis
SAMN12325238	Tuberculosis
SAMN12325239	Tuberculosis
SAMN12325240	Tuberculosis
SAMN12325241	Tuberculosis
SAMN12325242	Tuberculosis
SAMN12325243	Tuberculosis
SAMN12325244	Tuberculosis
SAMN12325245	Tuberculosis
SAMN12325246	Tuberculosis
SAMN12325247	Tuberculosis
SAMN12325248	Tuberculosis
SAMN12325249	Tuberculosis
SAMN12325250	Tuberculosis
SAMN12325251	Tuberculosis
SAMN12325252	Tuberculosis
SAMN12325253	Tuberculosis
SAMN12325254	Tuberculosis
SAMN12325255	Tuberculosis
SAMN12325256	Tuberculosis
SAMN12325257	Tuberculosis
SAMN12325258	Tuberculosis
SAMN12325259	Tuberculosis
SAMN12325260	Tuberculosis
SAMN12325261	Tuberculosis
SAMN12325262	Tuberculosis
SAMN12325263	Tuberculosis
SAMN12325264	Tuberculosis
SAMN12325265	Tuberculosis
SAMN12325266	Tuberculosis
SAMN12325267	Tuberculosis
SAMN12325268	Tuberculosis
SAMN12325269	Tuberculosis
SAMN12325270	Tuberculosis
SAMN12325271	Tuberculosis
SAMN12325272	Tuberculosis
SAMN12325273	Tuberculosis
SAMN12325274	Tuberculosis
SAMN12325275	Tuberculosis
SAMN12325276	Tuberculosis
SAMN12325277	Tuberculosis
SAMN12325278	Tuberculosis
SAMN12325279	Tuberculosis
SAMN12325280	Tuberculosis
SAMN12388335	Tuberculosis
SAMN12388336	Tuberculosis
SAMN12429790	Pulmonary Tuberculosis
SAMN12429791	Pulmonary Tuberculosis
SAMN12429792	Pulmonary Tuberculosis
SAMN12429793	Pulmonary Tuberculosis
SAMN12429794	Pulmonary Tuberculosis
SAMN12429795	Pulmonary Tuberculosis
SAMN12429796	Pulmonary Tuberculosis
SAMN12429797	Pulmonary Tuberculosis
SAMN12429798	Pulmonary Tuberculosis
SAMN12429799	Pulmonary Tuberculosis
SAMN12429800	Pulmonary Tuberculosis
SAMN12429801	Pulmonary Tuberculosis
SAMN12429802	Pulmonary Tuberculosis
SAMN12429803	Pulmonary Tuberculosis
SAMN12429804	Pulmonary Tuberculosis
SAMN12429805	Pulmonary Tuberculosis
SAMN12429806	Pulmonary Tuberculosis
SAMN12429807	Pulmonary Tuberculosis
SAMN12429808	Pulmonary Tuberculosis
SAMN12429809	Pulmonary Tuberculosis
SAMN12429810	Pulmonary Tuberculosis
SAMN12429811	Pulmonary Tuberculosis
SAMN12429812	Pulmonary Tuberculosis
SAMN12429813	Pulmonary Tuberculosis
SAMN12429814	Pulmonary Tuberculosis
SAMN12429815	Pulmonary Tuberculosis
SAMN12429816	Pulmonary Tuberculosis
SAMN12429817	Pulmonary Tuberculosis
SAMN12429818	Pulmonary Tuberculosis
SAMN12429819	Pulmonary Tuberculosis
SAMN12429820	Pulmonary Tuberculosis
SAMN12429821	Pulmonary Tuberculosis
SAMN12429822	Pulmonary Tuberculosis
SAMN12429823	TB lymphadenitis
SAMN12429824	Pulmonary Tuberculosis
SAMN12429825	Pulmonary Tuberculosis
SAMN12429826	Pulmonary Tuberculosis
SAMN12429827	Pulmonary Tuberculosis
SAMN12429828	Pulmonary Tuberculosis
SAMN12429829	Pulmonary Tuberculosis
SAMN12537184	Tuberculosis
SAMN12537185	Tuberculosis
SAMN12537186	Tuberculosis
SAMN12537187	Tuberculosis
SAMN12537188	Tuberculosis
SAMN12726462	Tuberculosis
SAMN12785870	Pulmonary Tuberculosis
SAMN12816907	Tuberculosis
SAMN12877714	Tuberculosis
SAMN12878103	Tuberculosis
SAMN12878104	Tuberculosis
SAMN12878105	Tuberculosis
SAMN12878106	Tuberculosis
SAMN12878107	Tuberculosis
SAMN12878108	Tuberculosis
SAMN12878111	Tuberculosis
SAMN12911364	Tuberculosis
SAMN13556300	Tuberculosis
SAMN14053477	Tuberculosis
SAMN14053478	Tuberculosis
SAMN14299286	Tuberculosis
SAMN14299287	Tuberculosis
SAMN14598146	Pulmonary Tuberculosis
SAMN15348336	Tuberculosis
SAMN15753983	Tuberculosis
SAMN15832760	Tuberculosis
SAMN15850497	Tuberculosis
SAMN15963001	Pulmonary Tuberculosis
SAMN16406462	Tuberculosis
SAMN16406463	Tuberculosis
SAMN16406464	Tuberculosis
SAMN16406465	Tuberculosis
SAMN16406466	Tuberculosis
SAMN16406467	Tuberculosis
SAMN16406468	Tuberculosis
SAMN16406469	Tuberculosis
SAMN16406470	Tuberculosis
SAMN16406471	Tuberculosis
SAMN16406472	Tuberculosis
SAMN16406473	Tuberculosis
SAMN16406474	Tuberculosis
SAMN16406475	Tuberculosis
SAMN16406476	Tuberculosis
SAMN16406477	Tuberculosis
SAMN16406478	Tuberculosis
SAMN16406479	Tuberculosis
SAMN16808033	Tuberculosis
SAMN16808034	Tuberculosis
SAMN16808035	Tuberculosis
SAMN16808036	Tuberculosis
SAMN16808037	Tuberculosis
SAMN16808038	Tuberculosis
SAMN16808039	Tuberculosis
SAMN16808040	Tuberculosis
SAMN16808041	Tuberculosis
SAMN16808042	Tuberculosis
SAMN16808043	Tuberculosis
SAMN16808044	Tuberculosis
SAMN16808045	Tuberculosis
SAMN16808046	Tuberculosis
SAMN16808047	Tuberculosis
SAMN16808048	Tuberculosis
SAMN16808049	Tuberculosis
SAMN16808050	Tuberculosis
SAMN16808051	Tuberculosis
SAMN16808052	Tuberculosis
SAMN16808053	Tuberculosis
SAMN16808054	Tuberculosis
SAMN16808055	Tuberculosis
SAMN16808056	Tuberculosis
SAMN16808057	Tuberculosis
SAMN16808058	Tuberculosis
SAMN16808059	Tuberculosis
SAMN16808060	Tuberculosis
SAMN16808061	Tuberculosis
SAMN16808062	Tuberculosis
SAMN16808063	Tuberculosis
SAMN16808064	Tuberculosis
SAMN16808065	Tuberculosis
SAMN16808066	Tuberculosis
SAMN16808067	Tuberculosis
SAMN16808068	Tuberculosis
SAMN16808069	Tuberculosis
SAMN16808070	Tuberculosis
SAMN16808071	Tuberculosis
SAMN16808072	Tuberculosis
SAMN16808073	Tuberculosis
SAMN16808074	Tuberculosis
SAMN16808075	Tuberculosis
SAMN16808076	Tuberculosis
SAMN16808077	Tuberculosis
SAMN16808078	Tuberculosis
SAMN16808079	Tuberculosis
SAMN16808080	Tuberculosis
SAMN16808081	Tuberculosis
SAMN16808082	Tuberculosis
SAMN16808083	Tuberculosis
SAMN16808084	Tuberculosis
SAMN16808085	Tuberculosis
SAMN16808086	Tuberculosis
SAMN16808087	Tuberculosis
SAMN16808088	Tuberculosis
SAMN17832565	Pulmonary Tuberculosis
SAMN18056856	Tuberculosis
SAMN18056929	Tuberculosis
SAMN18264920	Bovine tuberculosis
SAMN18264921	Bovine tuberculosis
SAMN18478719	Pulmonary Tuberculosis
SAMN18478723	Pulmonary Tuberculosis
SAMN18478725	Pulmonary Tuberculosis
SAMN18478726	Pulmonary Tuberculosis
SAMN18478735	Pulmonary Tuberculosis
SAMN18478737	Pulmonary Tuberculosis
SAMN18478738	Pulmonary Tuberculosis
SAMN18478739	Pulmonary Tuberculosis
SAMN18572639	Tuberculosis
SAMN18614372	Tuberculosis
SAMN19110219	Tuberculosis
SAMN19110220	Tuberculosis
SAMN19129632	Mycobacterium tuberculosis
SAMN19129633	Mycobacterium tuberculosis
SAMN19960505	ENDOPTHALMITIS
SAMN20355888	Pulmonary Tuberculosis
SAMN20355891	Pulmonary Tuberculosis
SAMN20355905	Pulmonary Tuberculosis
SAMN20600143	Pulmonary Tuberculosis
SAMN20600144	Pulmonary Tuberculosis
SAMN20600146	Pulmonary Tuberculosis
SAMN20600150	Pulmonary Tuberculosis
SAMN20600152	Pulmonary Tuberculosis
SAMN20600154	Pulmonary Tuberculosis
SAMN20600155	Pulmonary Tuberculosis
SAMN20600163	Pulmonary Tuberculosis
SAMN21018175	Tuberculosis
SAMN21018176	Tuberculosis
SAMN21018177	Tuberculosis
SAMN21018178	Tuberculosis
SAMN21194396	Tuberculosis
SAMN21558691	Tuberculosis
SAMN22322590	Pulmonary Tuberculosis
SAMN23441947	Tuberculosis
SAMN27028218	Mycobacterium tuberculosis
SAMN27028219	Mycobacterium tuberculosis
SAMN27028220	Mycobacterium tuberculosis
SAMN27028221	Mycobacterium tuberculosis
